district,week_start,week_of_year,lst_celsius,rainfall_mm,ndwi_index,humidity_proxy_pct,population_density,dengue_cases,lst_lag2,rainfall_lag2,ndwi_lag2,humidity_lag2,lst_lag4,rainfall_lag4,ndwi_lag4,humidity_lag4,lst_lag6,rainfall_lag6,ndwi_lag6,humidity_lag6,rainfall_roll4,ndwi_roll4,humidity_roll4,month,is_monsoon_season,is_post_monsoon,cases_lag1,cases_lag4,cases_roll4,target_cases_4wk_ahead,predicted_cases
Bhubaneswar,2022-12-19,51,22.47,0.0,-0.215,41.6,2123.2,4,21.55,0.0,-0.163,42.5,20.57,0.0,-0.199,43.7,21.93,4.18,-0.095,45.3,1.57,-0.18325,42.3,12,0,0,5.0,6.0,4.75,5.0,3.6438999410367274
Bhubaneswar,2022-12-26,52,20.25,0.0,-0.281,41.3,2124.0,5,20.43,0.0,-0.188,42.0,20.92,6.28,-0.167,43.1,21.32,0.46,-0.191,44.5,0.0,-0.21175,41.85,12,0,0,4.0,6.0,4.5,3.0,3.538778730693989
Bhubaneswar,2023-01-02,1,20.34,4.95,-0.161,40.0,2122.2,6,22.47,0.0,-0.215,41.6,21.55,0.0,-0.163,42.5,20.57,0.0,-0.199,43.7,1.2375,-0.21125,41.225,1,0,0,5.0,4.0,5.0,2.0,3.3175595803492457
Bhubaneswar,2023-01-09,2,20.65,0.0,-0.189,40.1,2118.5,4,20.25,0.0,-0.281,41.3,20.43,0.0,-0.188,42.0,20.92,6.28,-0.167,43.1,1.2375,-0.2115,40.75,1,0,0,6.0,5.0,4.75,3.0,3.2418050996489844
Bhubaneswar,2023-01-16,3,22.89,0.0,-0.177,40.1,2108.1,5,20.34,4.95,-0.161,40.0,22.47,0.0,-0.215,41.6,21.55,0.0,-0.163,42.5,1.2375,-0.202,40.375,1,0,0,4.0,4.0,5.0,3.0,2.9447599828302455
Bhubaneswar,2023-01-23,4,23.4,4.06,-0.175,40.1,2117.1,3,20.65,0.0,-0.189,40.1,20.25,0.0,-0.281,41.3,20.43,0.0,-0.188,42.0,2.2525,-0.1755,40.075,1,0,0,5.0,5.0,4.5,3.0,3.1026378436993496
Bhubaneswar,2023-01-30,5,24.64,0.0,-0.164,40.2,2119.7,2,22.89,0.0,-0.177,40.1,20.34,4.95,-0.161,40.0,22.47,0.0,-0.215,41.6,1.015,-0.17625,40.125,1,0,0,3.0,6.0,3.5,3.0,3.141670063563589
Bhubaneswar,2023-02-06,6,24.96,6.7,-0.227,40.2,2121.9,3,23.4,4.06,-0.175,40.1,20.65,0.0,-0.189,40.1,20.25,0.0,-0.281,41.3,2.69,-0.18575,40.150000000000006,2,0,0,2.0,4.0,3.25,4.0,3.0267631445554075
Bhubaneswar,2023-02-13,7,22.6,4.25,-0.172,40.3,2113.8,3,24.64,0.0,-0.164,40.2,22.89,0.0,-0.177,40.1,20.34,4.95,-0.161,40.0,3.7525,-0.1845,40.2,2,0,0,3.0,5.0,2.75,4.0,3.2660617468273183
Bhubaneswar,2023-02-20,8,26.08,1.59,-0.178,40.4,2108.0,3,24.96,6.7,-0.227,40.2,23.4,4.06,-0.175,40.1,20.65,0.0,-0.189,40.1,3.135,-0.18525,40.275000000000006,2,0,0,3.0,3.0,2.75,4.0,4.530586799741943
Bhubaneswar,2023-02-27,9,28.19,3.34,-0.148,40.6,2115.1,3,22.6,4.25,-0.172,40.3,24.64,0.0,-0.164,40.2,22.89,0.0,-0.177,40.1,3.97,-0.18125,40.375,2,0,0,3.0,2.0,3.0,4.0,5.64361486577656
Bhubaneswar,2023-03-06,10,28.09,0.0,-0.197,40.8,2119.2,4,26.08,1.59,-0.178,40.4,24.96,6.7,-0.227,40.2,23.4,4.06,-0.175,40.1,2.295,-0.17375,40.525,3,0,0,3.0,3.0,3.25,6.0,5.245171901151167
Bhubaneswar,2023-03-13,11,28.24,0.0,-0.235,41.0,2115.3,4,28.19,3.34,-0.148,40.6,22.6,4.25,-0.172,40.3,24.64,0.0,-0.164,40.2,1.2325,-0.1895,40.7,3,0,0,4.0,3.0,3.5,5.0,4.9632202084691945
Bhubaneswar,2023-03-20,12,28.24,0.0,-0.206,41.3,2126.8,4,28.09,0.0,-0.197,40.8,26.08,1.59,-0.178,40.4,24.96,6.7,-0.227,40.2,0.835,-0.1965,40.925,3,0,0,4.0,3.0,3.75,6.0,5.536489149977308
Bhubaneswar,2023-03-27,13,31.05,5.87,-0.182,41.6,2114.1,4,28.24,0.0,-0.235,41.0,28.19,3.34,-0.148,40.6,22.6,4.25,-0.172,40.3,1.4675,-0.205,41.175,3,0,0,4.0,3.0,4.0,6.0,6.590304650700913
Bhubaneswar,2023-04-03,14,29.74,2.53,-0.145,42.0,2120.7,6,28.24,0.0,-0.206,41.3,28.09,0.0,-0.197,40.8,26.08,1.59,-0.178,40.4,2.1,-0.192,41.475,4,0,0,4.0,4.0,4.5,7.0,6.84700157416833
Bhubaneswar,2023-04-10,15,32.88,10.36,-0.124,42.5,2117.9,5,31.05,5.87,-0.182,41.6,28.24,0.0,-0.235,41.0,28.19,3.34,-0.148,40.6,4.69,-0.1642499999999999,41.85,4,0,0,6.0,4.0,4.75,8.0,8.292867918365864
Bhubaneswar,2023-04-17,16,31.39,2.75,-0.156,43.1,2116.8,6,29.74,2.53,-0.145,42.0,28.24,0.0,-0.206,41.3,28.09,0.0,-0.197,40.8,5.3775,-0.15175,42.3,4,0,0,5.0,4.0,5.25,7.0,8.06546399244656
Bhubaneswar,2023-04-24,17,33.95,0.44,-0.145,43.7,2108.5,6,32.88,10.36,-0.124,42.5,31.05,5.87,-0.182,41.6,28.24,0.0,-0.235,41.0,4.02,-0.1425,42.825,4,0,0,6.0,4.0,5.75,9.0,9.465921922334207
Bhubaneswar,2023-05-01,18,31.84,4.75,-0.203,44.5,2125.6,7,31.39,2.75,-0.156,43.1,29.74,2.53,-0.145,42.0,28.24,0.0,-0.206,41.3,4.575,-0.157,43.45,5,0,0,6.0,6.0,6.0,10.0,8.885689941548575
Bhubaneswar,2023-05-08,19,34.48,3.83,-0.161,45.3,2109.6,8,33.95,0.44,-0.145,43.7,32.88,10.36,-0.124,42.5,31.05,5.87,-0.182,41.6,2.9425,-0.16625,44.15,5,0,0,7.0,5.0,6.75,10.0,9.827770662311424
Bhubaneswar,2023-05-15,20,32.66,13.29,-0.114,46.2,2119.5,7,31.84,4.75,-0.203,44.5,31.39,2.75,-0.156,43.1,29.74,2.53,-0.145,42.0,5.5775,-0.15575,44.925,5,0,0,8.0,6.0,7.0,10.0,10.0233773275255
Bhubaneswar,2023-05-22,21,33.0,4.01,-0.125,47.1,2120.1,9,34.48,3.83,-0.161,45.3,33.95,0.44,-0.145,43.7,32.88,10.36,-0.124,42.5,6.469999999999999,-0.15075,45.775,5,0,0,7.0,6.0,7.75,12.0,10.363952680109973
Bhubaneswar,2023-05-29,22,31.93,13.1,-0.133,48.1,2114.6,10,32.66,13.29,-0.114,46.2,31.84,4.75,-0.203,44.5,31.39,2.75,-0.156,43.1,8.5575,-0.13325,46.675,5,0,0,9.0,7.0,8.5,11.0,10.705066896919135
Bhubaneswar,2023-06-05,23,33.84,16.59,-0.071,49.1,2118.3,10,33.0,4.01,-0.125,47.1,34.48,3.83,-0.161,45.3,33.95,0.44,-0.145,43.7,11.7475,-0.11075,47.625,6,1,0,10.0,8.0,9.0,11.0,11.920663838439959
Bhubaneswar,2023-06-12,24,32.91,20.47,0.02,50.1,2111.6,10,31.93,13.1,-0.133,48.1,32.66,13.29,-0.114,46.2,31.84,4.75,-0.203,44.5,13.5425,-0.07725,48.6,6,1,0,10.0,7.0,9.75,13.0,13.594441332353025
Bhubaneswar,2023-06-19,25,31.23,19.52,-0.035,51.1,2115.9,12,33.84,16.59,-0.071,49.1,33.0,4.01,-0.125,47.1,34.48,3.83,-0.161,45.3,17.42,-0.05475,49.6,6,1,0,10.0,9.0,10.5,12.0,13.093657209878918
Bhubaneswar,2023-06-26,26,33.1,22.71,0.021,52.0,2122.7,11,32.91,20.47,0.02,50.1,31.93,13.1,-0.133,48.1,32.66,13.29,-0.114,46.2,19.8225,-0.0162499999999999,50.575,6,1,0,12.0,10.0,10.75,12.0,13.221103162884532
Bhubaneswar,2023-07-03,27,31.63,24.96,-0.008,52.9,2118.2,11,31.23,19.52,-0.035,51.1,33.84,16.59,-0.071,49.1,33.0,4.01,-0.125,47.1,21.915,-0.0004999999999999,51.525,7,1,0,11.0,10.0,11.0,13.0,13.431251196908653
Bhubaneswar,2023-07-10,28,34.18,25.91,-0.007,53.6,2120.1,13,33.1,22.71,0.021,52.0,32.91,20.47,0.02,50.1,31.93,13.1,-0.133,48.1,23.275,-0.0072499999999999,52.4,7,1,0,11.0,10.0,11.75,13.0,12.97332797176776
Bhubaneswar,2023-07-17,29,30.03,26.07,-0.004,54.2,2119.9,12,31.63,24.96,-0.008,52.9,31.23,19.52,-0.035,51.1,33.84,16.59,-0.071,49.1,24.9125,0.0005,53.175,7,1,0,13.0,12.0,11.75,12.0,12.904022132836582
Bhubaneswar,2023-07-24,30,29.87,29.42,0.051,54.6,2117.8,12,34.18,25.91,-0.007,53.6,33.1,22.71,0.021,52.0,32.91,20.47,0.02,50.1,26.59,0.008,53.825,7,1,0,12.0,11.0,12.0,14.0,15.415657127062147
Bhubaneswar,2023-07-31,31,30.63,27.75,0.054,54.9,2115.0,13,30.03,26.07,-0.004,54.2,31.63,24.96,-0.008,52.9,31.23,19.52,-0.035,51.1,27.2875,0.0235,54.325,7,1,0,12.0,11.0,12.5,16.0,14.930391369993146
Bhubaneswar,2023-08-07,32,29.46,22.68,0.005,55.0,2120.3,13,29.87,29.42,0.051,54.6,34.18,25.91,-0.007,53.6,33.1,22.71,0.021,52.0,26.48,0.0265,54.675,8,1,0,13.0,13.0,12.5,15.0,13.28602008639511
Bhubaneswar,2023-08-14,33,28.57,20.4,-0.028,54.9,2128.7,12,30.63,27.75,0.054,54.9,30.03,26.07,-0.004,54.2,31.63,24.96,-0.008,52.9,25.0625,0.0204999999999999,54.85,8,1,0,13.0,12.0,12.5,12.0,12.300455829172519
Bhubaneswar,2023-08-21,34,28.59,18.14,-0.053,54.6,2117.0,14,29.46,22.68,0.005,55.0,29.87,29.42,0.051,54.6,34.18,25.91,-0.007,53.6,22.2425,-0.0054999999999999,54.85,8,1,0,12.0,12.0,13.0,11.0,12.195760858135559
Bhubaneswar,2023-08-28,35,27.14,24.85,-0.009,54.2,2115.0,16,28.57,20.4,-0.028,54.9,30.63,27.75,0.054,54.9,30.03,26.07,-0.004,54.2,21.5175,-0.0212499999999999,54.675,8,1,0,14.0,13.0,13.75,10.0,10.934261271557366
Bhubaneswar,2023-09-04,36,27.23,18.44,0.066,53.6,2124.0,15,28.59,18.14,-0.053,54.6,29.46,22.68,0.005,55.0,29.87,29.42,0.051,54.6,20.457500000000003,-0.0059999999999999,54.325,9,1,1,16.0,13.0,14.25,12.0,13.4099149455304
Bhubaneswar,2023-09-11,37,26.91,11.37,-0.036,52.9,2125.1,12,27.14,24.85,-0.009,54.2,28.57,20.4,-0.028,54.9,30.63,27.75,0.054,54.9,18.2,-0.0079999999999999,53.825,9,1,1,15.0,12.0,14.25,13.0,9.31980941609363
Bhubaneswar,2023-09-18,38,26.2,13.22,-0.042,52.0,2115.9,11,27.23,18.44,0.066,53.6,28.59,18.14,-0.053,54.6,29.46,22.68,0.005,55.0,16.97,-0.0052499999999999,53.175,9,1,1,12.0,14.0,13.5,9.0,8.882957178983057
Bhubaneswar,2023-09-25,39,24.05,8.4,-0.045,51.1,2120.1,10,26.91,11.37,-0.036,52.9,27.14,24.85,-0.009,54.2,28.57,20.4,-0.028,54.9,12.857500000000002,-0.0142499999999999,52.4,9,1,1,11.0,16.0,12.0,7.0,8.111288319881897
Bhubaneswar,2023-10-02,40,23.13,9.64,-0.107,50.1,2127.5,12,26.2,13.22,-0.042,52.0,27.23,18.44,0.066,53.6,28.59,18.14,-0.053,54.6,10.6575,-0.0574999999999999,51.525000000000006,10,0,1,10.0,15.0,11.25,8.0,7.088827646998998
Bhubaneswar,2023-10-09,41,25.27,9.02,-0.107,49.1,2124.0,13,24.05,8.4,-0.045,51.1,26.91,11.37,-0.036,52.9,27.14,24.85,-0.009,54.2,10.07,-0.07525,50.575,10,0,1,12.0,12.0,11.5,7.0,7.321393685227202
Bhubaneswar,2023-10-16,42,24.01,4.86,-0.112,48.1,2122.7,9,23.13,9.64,-0.107,50.1,26.2,13.22,-0.042,52.0,27.23,18.44,0.066,53.6,7.98,-0.09275,49.6,10,0,1,13.0,11.0,11.0,6.0,6.563374291872022
Bhubaneswar,2023-10-23,43,20.55,9.16,-0.091,47.1,2114.9,7,25.27,9.02,-0.107,49.1,24.05,8.4,-0.045,51.1,26.91,11.37,-0.036,52.9,8.170000000000002,-0.1042499999999999,48.6,10,0,1,9.0,10.0,10.25,7.0,6.203425903053314
Bhubaneswar,2023-10-30,44,22.16,0.0,-0.181,46.2,2115.9,8,24.01,4.86,-0.112,48.1,23.13,9.64,-0.107,50.1,26.2,13.22,-0.042,52.0,5.760000000000001,-0.12275,47.62500000000001,10,0,1,7.0,12.0,9.25,6.0,5.591997438583718
Bhubaneswar,2023-11-06,45,23.42,3.37,-0.222,45.3,2123.8,7,20.55,9.16,-0.091,47.1,25.27,9.02,-0.107,49.1,24.05,8.4,-0.045,51.1,4.3475,-0.1515,46.675,11,0,1,8.0,13.0,7.75,6.0,6.0395358671360375
Bhubaneswar,2023-11-13,46,20.3,2.68,-0.161,44.5,2112.2,6,22.16,0.0,-0.181,46.2,24.01,4.86,-0.112,48.1,23.13,9.64,-0.107,50.1,3.8025000000000007,-0.16375,45.775,11,0,1,7.0,9.0,7.0,4.0,5.697505653158324
Bhubaneswar,2023-11-20,47,21.43,0.0,-0.155,43.7,2119.3,7,23.42,3.37,-0.222,45.3,20.55,9.16,-0.091,47.1,25.27,9.02,-0.107,49.1,1.5125000000000006,-0.17975,44.925,11,0,1,6.0,7.0,7.0,4.0,4.684494340192458
Bhubaneswar,2023-11-27,48,21.39,1.91,-0.232,43.1,2120.9,6,20.3,2.68,-0.161,44.5,22.16,0.0,-0.181,46.2,24.01,4.86,-0.112,48.1,1.9900000000000004,-0.1925,44.15,11,0,1,7.0,8.0,6.5,4.0,4.358715444536703
Chennai,2022-12-19,51,22.42,1.63,-0.156,41.6,27119.1,5,25.21,0.14,-0.233,42.5,23.91,2.13,-0.141,43.7,24.59,0.0,-0.224,45.3,0.4425000000000002,-0.213,42.3,12,0,0,7.0,8.0,6.0,3.0,4.483312019275028
Chennai,2022-12-26,52,22.34,0.47,-0.183,41.3,27112.0,26,23.47,0.0,-0.224,42.0,25.01,0.0,-0.239,43.1,23.44,6.9,-0.16,44.5,0.5600000000000003,-0.199,41.85,12,0,0,5.0,7.0,10.75,3.0,5.200664692104068
Chennai,2023-01-02,1,25.7,0.0,-0.181,40.0,27114.1,4,22.42,1.63,-0.156,41.6,25.21,0.14,-0.233,42.5,23.91,2.13,-0.141,43.7,0.5250000000000001,-0.186,41.225,1,0,0,26.0,5.0,10.5,2.0,4.3979647678347105
Chennai,2023-01-09,2,22.5,0.0,-0.217,40.1,27113.8,3,22.34,0.47,-0.183,41.3,23.47,0.0,-0.224,42.0,25.01,0.0,-0.239,43.1,0.5250000000000001,-0.18425,40.75,1,0,0,4.0,7.0,9.5,3.0,4.034691228788758
Chennai,2023-01-16,3,25.96,0.0,-0.253,40.1,27128.1,3,25.7,0.0,-0.181,40.0,22.42,1.63,-0.156,41.6,25.21,0.14,-0.233,42.5,0.1175000000000002,-0.2085,40.375,1,0,0,3.0,5.0,9.0,4.0,4.473306438909046
Chennai,2023-01-23,4,24.77,5.36,-0.193,40.1,27119.8,3,22.5,0.0,-0.217,40.1,22.34,0.47,-0.183,41.3,23.47,0.0,-0.224,42.0,1.3400000000000003,-0.2109999999999999,40.075,1,0,0,3.0,26.0,3.25,3.0,3.291901403374236
Chennai,2023-01-30,5,24.89,2.29,-0.123,40.2,27119.2,2,25.96,0.0,-0.253,40.1,25.7,0.0,-0.181,40.0,22.42,1.63,-0.156,41.6,1.9125000000000003,-0.1965,40.125,1,0,0,3.0,4.0,2.75,3.0,3.84908554392848
Chennai,2023-02-06,6,26.89,2.46,-0.164,40.2,27120.9,3,24.77,5.36,-0.193,40.1,22.5,0.0,-0.217,40.1,22.34,0.47,-0.183,41.3,2.5275000000000003,-0.1832499999999999,40.150000000000006,2,0,0,2.0,3.0,2.75,4.0,4.5412257134890055
Chennai,2023-02-13,7,27.95,1.56,-0.188,40.3,27120.4,4,24.89,2.29,-0.123,40.2,25.96,0.0,-0.253,40.1,25.7,0.0,-0.181,40.0,2.9175000000000004,-0.1669999999999999,40.2,2,0,0,3.0,3.0,3.0,5.0,5.200061139360669
Chennai,2023-02-20,8,25.04,0.0,-0.15,40.4,27119.6,3,26.89,2.46,-0.164,40.2,24.77,5.36,-0.193,40.1,22.5,0.0,-0.217,40.1,1.5775,-0.15625,40.275000000000006,2,0,0,4.0,3.0,3.0,5.0,3.982640735446799
Chennai,2023-02-27,9,26.56,0.0,-0.199,40.6,27120.5,3,27.95,1.56,-0.188,40.3,24.89,2.29,-0.123,40.2,25.96,0.0,-0.253,40.1,1.0050000000000003,-0.17525,40.375,2,0,0,3.0,2.0,3.25,3.0,5.06220885200439
Chennai,2023-03-06,10,27.99,0.0,-0.197,40.8,27122.5,4,25.04,0.0,-0.15,40.4,26.89,2.46,-0.164,40.2,24.77,5.36,-0.193,40.1,0.3900000000000002,-0.1835,40.525,3,0,0,3.0,3.0,3.5,6.0,5.416869152819663
Chennai,2023-03-13,11,30.85,0.0,-0.247,41.0,27125.5,5,26.56,0.0,-0.199,40.6,27.95,1.56,-0.188,40.3,24.89,2.29,-0.123,40.2,0.0,-0.1982499999999999,40.7,3,0,0,4.0,4.0,3.75,6.0,7.343955910101489
Chennai,2023-03-20,12,29.56,2.92,-0.127,41.3,27137.4,5,27.99,0.0,-0.197,40.8,25.04,0.0,-0.15,40.4,26.89,2.46,-0.164,40.2,0.7300000000000002,-0.1925,40.925,3,0,0,5.0,3.0,4.25,7.0,6.640690753727781
Chennai,2023-03-27,13,32.69,0.0,-0.149,41.6,27127.7,3,30.85,0.0,-0.247,41.0,26.56,0.0,-0.199,40.6,27.95,1.56,-0.188,40.3,0.7300000000000002,-0.1799999999999999,41.175,3,0,0,5.0,3.0,4.25,8.0,9.347881078038307
Chennai,2023-04-03,14,29.99,3.48,-0.156,42.0,27122.0,6,29.56,2.92,-0.127,41.3,27.99,0.0,-0.197,40.8,25.04,0.0,-0.15,40.4,1.6,-0.1697499999999999,41.475,4,0,0,3.0,4.0,4.75,8.0,8.012086168808946
Chennai,2023-04-10,15,34.08,3.61,-0.143,42.5,27129.2,6,32.69,0.0,-0.149,41.6,30.85,0.0,-0.247,41.0,26.56,0.0,-0.199,40.6,2.5025000000000004,-0.14375,41.85,4,0,0,6.0,5.0,5.0,8.0,8.952685700866025
Chennai,2023-04-17,16,33.3,0.0,-0.23,43.1,27128.9,7,29.99,3.48,-0.156,42.0,29.56,2.92,-0.127,41.3,27.99,0.0,-0.197,40.8,1.7725000000000002,-0.1694999999999999,42.3,4,0,0,6.0,5.0,5.5,9.0,9.761974891308144
Chennai,2023-04-24,17,32.21,5.82,-0.207,43.7,27134.4,8,34.08,3.61,-0.143,42.5,32.69,0.0,-0.149,41.6,30.85,0.0,-0.247,41.0,3.2275,-0.1839999999999999,42.825,4,0,0,7.0,3.0,6.75,9.0,9.705042959470584
Chennai,2023-05-01,18,34.93,6.89,-0.149,44.5,27139.0,8,33.3,0.0,-0.23,43.1,29.99,3.48,-0.156,42.0,29.56,2.92,-0.127,41.3,4.08,-0.1822499999999999,43.45,5,0,0,8.0,6.0,7.25,10.0,10.03777409565502
Chennai,2023-05-08,19,34.32,5.41,-0.132,45.3,27138.8,8,32.21,5.82,-0.207,43.7,34.08,3.61,-0.143,42.5,32.69,0.0,-0.149,41.6,4.53,-0.1795,44.15,5,0,0,8.0,6.0,7.75,10.0,10.569790572652552
Chennai,2023-05-15,20,33.79,5.61,-0.129,46.2,27130.9,9,34.93,6.89,-0.149,44.5,33.3,0.0,-0.23,43.1,29.99,3.48,-0.156,42.0,5.9325,-0.15425,44.925,5,0,0,8.0,7.0,8.25,12.0,10.467272105632231
Chennai,2023-05-22,21,37.47,10.02,-0.059,47.1,27128.5,9,34.32,5.41,-0.132,45.3,32.21,5.82,-0.207,43.7,34.08,3.61,-0.143,42.5,6.9825,-0.11725,45.775,5,0,0,9.0,8.0,8.5,12.0,11.550645044023911
Chennai,2023-05-29,22,33.67,12.84,-0.119,48.1,27141.3,10,33.79,5.61,-0.129,46.2,34.93,6.89,-0.149,44.5,33.3,0.0,-0.23,43.1,8.469999999999999,-0.1097499999999999,46.675,5,0,0,9.0,8.0,9.0,12.0,11.499465782131844
Chennai,2023-06-05,23,32.25,12.44,-0.07,49.1,27143.9,10,37.47,10.02,-0.059,47.1,34.32,5.41,-0.132,45.3,32.21,5.82,-0.207,43.7,10.2275,-0.0942499999999999,47.625,6,1,0,10.0,8.0,9.5,11.0,13.100862646804234
Chennai,2023-06-12,24,33.25,19.09,-0.039,50.1,27134.5,12,33.67,12.84,-0.119,48.1,33.79,5.61,-0.129,46.2,34.93,6.89,-0.149,44.5,13.5975,-0.0717499999999999,48.6,6,1,0,10.0,9.0,10.25,12.0,12.718935069327932
Chennai,2023-06-19,25,35.95,18.38,-0.022,51.1,27140.3,12,32.25,12.44,-0.07,49.1,37.47,10.02,-0.059,47.1,34.32,5.41,-0.132,45.3,15.6875,-0.0624999999999999,49.6,6,1,0,12.0,9.0,11.0,13.0,12.847683550184108
Chennai,2023-06-26,26,35.17,16.95,-0.005,52.0,27140.1,12,33.25,19.09,-0.039,50.1,33.67,12.84,-0.119,48.1,33.79,5.61,-0.129,46.2,16.715,-0.0339999999999999,50.575,6,1,0,12.0,10.0,11.5,12.0,12.958742119482238
Chennai,2023-07-03,27,34.72,16.12,-0.122,52.9,27145.0,11,35.95,18.38,-0.022,51.1,32.25,12.44,-0.07,49.1,37.47,10.02,-0.059,47.1,17.635,-0.0469999999999999,51.525,7,1,0,12.0,10.0,11.75,12.0,13.056209383222019
Chennai,2023-07-10,28,35.41,22.47,0.018,53.6,27146.8,12,35.17,16.95,-0.005,52.0,33.25,19.09,-0.039,50.1,33.67,12.84,-0.119,48.1,18.48,-0.0327499999999999,52.4,7,1,0,11.0,12.0,11.75,16.0,13.336750201292743
Chennai,2023-07-17,29,32.98,27.68,0.04,54.2,27144.0,13,34.72,16.12,-0.122,52.9,35.95,18.38,-0.022,51.1,32.25,12.44,-0.07,49.1,20.805,-0.0172499999999999,53.175,7,1,0,12.0,12.0,12.0,13.0,14.505562702680068
Chennai,2023-07-24,30,32.93,23.38,0.018,54.6,27141.1,12,35.41,22.47,0.018,53.6,35.17,16.95,-0.005,52.0,33.25,19.09,-0.039,50.1,22.4125,-0.0114999999999999,53.825,7,1,0,13.0,12.0,12.0,16.0,13.679571225445155
Chennai,2023-07-31,31,34.57,19.03,-0.078,54.9,27146.2,12,32.98,27.68,0.04,54.2,34.72,16.12,-0.122,52.9,35.95,18.38,-0.022,51.1,23.14,-0.0004999999999999,54.325,7,1,0,12.0,11.0,12.25,13.0,13.230351864287954
Chennai,2023-08-07,32,31.09,22.43,-0.005,55.0,27153.7,16,32.93,23.38,0.018,54.6,35.41,22.47,0.018,53.6,35.17,16.95,-0.005,52.0,23.13,-0.0062499999999999,54.675,8,1,0,12.0,12.0,13.25,14.0,13.04047234196398
Chennai,2023-08-14,33,31.93,27.7,0.038,54.9,27149.8,13,34.57,19.03,-0.078,54.9,32.98,27.68,0.04,54.2,34.72,16.12,-0.122,52.9,23.135,-0.0067499999999999,54.85,8,1,0,16.0,13.0,13.25,15.0,14.638214955731504
Chennai,2023-08-21,34,29.62,22.2,0.017,54.6,27153.9,16,31.09,22.43,-0.005,55.0,32.93,23.38,0.018,54.6,35.41,22.47,0.018,53.6,22.84,-0.0069999999999999,54.85,8,1,0,13.0,12.0,14.25,13.0,12.694459712965118
Chennai,2023-08-28,35,31.42,19.15,-0.054,54.2,27148.1,13,31.93,27.7,0.038,54.9,34.57,19.03,-0.078,54.9,32.98,27.68,0.04,54.2,22.87,-0.0009999999999999,54.675,8,1,0,16.0,12.0,14.5,13.0,12.853431533702212
Chennai,2023-09-04,36,26.89,15.12,-0.084,53.6,27143.4,14,29.62,22.2,0.017,54.6,31.09,22.43,-0.005,55.0,32.93,23.38,0.018,54.6,21.0425,-0.0207499999999999,54.325,9,1,1,13.0,16.0,14.0,10.0,12.353448951833924
Chennai,2023-09-11,37,27.4,16.52,-0.076,52.9,27158.1,15,31.42,19.15,-0.054,54.2,31.93,27.7,0.038,54.9,34.57,19.03,-0.078,54.9,18.2475,-0.0492499999999999,53.825,9,1,1,14.0,13.0,14.5,11.0,11.731969933590944
Chennai,2023-09-18,38,28.92,12.84,-0.047,52.0,27153.4,13,26.89,15.12,-0.084,53.6,29.62,22.2,0.017,54.6,31.09,22.43,-0.005,55.0,15.9075,-0.0652499999999999,53.175,9,1,1,15.0,16.0,13.75,10.0,10.41486874077306
Chennai,2023-09-25,39,28.24,11.41,-0.088,51.1,27155.3,13,27.4,16.52,-0.076,52.9,31.42,19.15,-0.054,54.2,31.93,27.7,0.038,54.9,13.9725,-0.0737499999999999,52.4,9,1,1,13.0,13.0,13.75,9.0,10.459459799940522
Chennai,2023-10-02,40,25.84,3.21,-0.143,50.1,27158.2,10,28.92,12.84,-0.047,52.0,26.89,15.12,-0.084,53.6,29.62,22.2,0.017,54.6,10.995,-0.0884999999999999,51.525000000000006,10,0,1,13.0,14.0,12.75,8.0,7.978489370504623
Chennai,2023-10-09,41,25.46,2.2,-0.144,49.1,27149.7,11,28.24,11.41,-0.088,51.1,27.4,16.52,-0.076,52.9,31.42,19.15,-0.054,54.2,7.415,-0.1054999999999999,50.575,10,0,1,10.0,15.0,11.75,7.0,7.916399525442336
Chennai,2023-10-16,42,26.01,8.58,-0.078,48.1,27156.6,10,25.84,3.21,-0.143,50.1,28.92,12.84,-0.047,52.0,26.89,15.12,-0.084,53.6,6.35,-0.1132499999999999,49.6,10,0,1,11.0,13.0,11.0,8.0,7.2231763189014195
Chennai,2023-10-23,43,23.98,8.89,-0.121,47.1,27153.7,9,25.46,2.2,-0.144,49.1,28.24,11.41,-0.088,51.1,27.4,16.52,-0.076,52.9,5.720000000000001,-0.1214999999999999,48.6,10,0,1,10.0,13.0,10.0,7.0,7.132441395115122
Chennai,2023-10-30,44,22.94,2.14,-0.136,46.2,27158.6,8,26.01,8.58,-0.078,48.1,25.84,3.21,-0.143,50.1,28.92,12.84,-0.047,52.0,5.4525,-0.1197499999999999,47.62500000000001,10,0,1,9.0,10.0,9.5,4.0,6.897905002991187
Chennai,2023-11-06,45,23.72,3.79,-0.156,45.3,27165.8,7,23.98,8.89,-0.121,47.1,25.46,2.2,-0.144,49.1,28.24,11.41,-0.088,51.1,5.8500000000000005,-0.12275,46.675,11,0,1,8.0,11.0,8.5,5.0,6.724282079692088
Chennai,2023-11-13,46,23.39,0.65,-0.15,44.5,27165.2,8,22.94,2.14,-0.136,46.2,26.01,8.58,-0.078,48.1,25.84,3.21,-0.143,50.1,3.8675,-0.14075,45.775,11,0,1,7.0,10.0,8.0,4.0,5.398191937570876
Chennai,2023-11-20,47,22.64,0.0,-0.196,43.7,27163.3,7,23.72,3.79,-0.156,45.3,23.98,8.89,-0.121,47.1,25.46,2.2,-0.144,49.1,1.645,-0.1594999999999999,44.925,11,0,1,8.0,9.0,7.5,5.0,4.84936111373418
Chennai,2023-11-27,48,21.43,6.47,-0.165,43.1,27159.6,4,23.39,0.65,-0.15,44.5,22.94,2.14,-0.136,46.2,26.01,8.58,-0.078,48.1,2.7275,-0.1667499999999999,44.15,11,0,1,7.0,8.0,6.5,4.0,4.6504621443524465
Delhi,2022-12-19,51,20.66,0.76,-0.138,41.6,11382.4,5,21.27,2.33,-0.164,42.5,22.88,3.58,-0.171,43.7,19.52,2.69,-0.221,45.3,1.797499999999998,-0.1735,42.3,12,0,0,6.0,6.0,5.0,2.0,3.9009236649849384
Delhi,2022-12-26,52,19.89,0.0,-0.234,41.3,11386.7,4,21.49,4.1,-0.184,42.0,20.78,0.0,-0.208,43.1,20.26,5.52,-0.09,44.5,1.797499999999998,-0.18,41.85,12,0,0,5.0,4.0,5.0,4.0,3.6450724021407073
Delhi,2023-01-02,1,21.52,0.0,-0.231,40.0,11385.3,4,20.66,0.76,-0.138,41.6,21.27,2.33,-0.164,42.5,22.88,3.58,-0.171,43.7,1.214999999999998,-0.19675,41.225,1,0,0,4.0,5.0,4.75,3.0,3.2686629156227616
Delhi,2023-01-09,2,24.02,0.46,-0.229,40.1,11393.1,3,19.89,0.0,-0.234,41.3,21.49,4.1,-0.184,42.0,20.78,0.0,-0.208,43.1,0.3049999999999982,-0.208,40.75,1,0,0,4.0,6.0,4.0,2.0,3.113485045954855
Delhi,2023-01-16,3,22.91,1.12,-0.218,40.1,11391.1,2,21.52,0.0,-0.231,40.0,20.66,0.76,-0.138,41.6,21.27,2.33,-0.164,42.5,0.3949999999999982,-0.228,40.375,1,0,0,3.0,5.0,3.25,4.0,3.0768490194578857
Delhi,2023-01-23,4,21.53,0.0,-0.194,40.1,11395.7,4,24.02,0.46,-0.229,40.1,19.89,0.0,-0.234,41.3,21.49,4.1,-0.184,42.0,0.3949999999999982,-0.218,40.075,1,0,0,2.0,4.0,3.25,3.0,3.1754951726237652
Delhi,2023-01-30,5,23.12,0.0,-0.207,40.2,11384.1,3,22.91,1.12,-0.218,40.1,21.52,0.0,-0.231,40.0,20.66,0.76,-0.138,41.6,0.3949999999999982,-0.212,40.125,1,0,0,4.0,4.0,3.0,3.0,3.059314366280149
Delhi,2023-02-06,6,26.01,0.0,-0.169,40.2,11388.9,2,21.53,0.0,-0.194,40.1,24.02,0.46,-0.229,40.1,19.89,0.0,-0.234,41.3,0.2799999999999982,-0.197,40.150000000000006,2,0,0,3.0,3.0,2.75,3.0,4.181076440289357
Delhi,2023-02-13,7,27.67,0.0,-0.218,40.3,11400.2,4,23.12,0.0,-0.207,40.2,22.91,1.12,-0.218,40.1,21.52,0.0,-0.231,40.0,0.0,-0.197,40.2,2,0,0,2.0,2.0,3.25,5.0,4.266004290098347
Delhi,2023-02-20,8,26.84,4.04,-0.225,40.4,11387.7,3,26.01,0.0,-0.169,40.2,21.53,0.0,-0.194,40.1,24.02,0.46,-0.229,40.1,1.0099999999999982,-0.20475,40.275000000000006,2,0,0,4.0,4.0,3.0,5.0,4.5716525167635265
Delhi,2023-02-27,9,25.82,0.0,-0.208,40.6,11390.9,3,27.67,0.0,-0.218,40.3,23.12,0.0,-0.207,40.2,22.91,1.12,-0.218,40.1,1.0099999999999982,-0.205,40.375,2,0,0,3.0,3.0,3.0,4.0,3.9849186539170063
Delhi,2023-03-06,10,25.0,0.0,-0.207,40.8,11382.3,3,26.84,4.04,-0.225,40.4,26.01,0.0,-0.169,40.2,21.53,0.0,-0.194,40.1,1.0099999999999982,-0.2145,40.525,3,0,0,3.0,2.0,3.25,4.0,4.059117885419009
Delhi,2023-03-13,11,28.34,0.0,-0.159,41.0,11394.0,5,25.82,0.0,-0.208,40.6,27.67,0.0,-0.218,40.3,23.12,0.0,-0.207,40.2,1.0099999999999982,-0.1997499999999999,40.7,3,0,0,3.0,4.0,3.5,4.0,5.134035743133133
Delhi,2023-03-20,12,27.77,3.63,-0.195,41.3,11402.0,5,25.0,0.0,-0.207,40.8,26.84,4.04,-0.225,40.4,26.01,0.0,-0.169,40.2,0.9074999999999982,-0.19225,40.925,3,0,0,5.0,3.0,4.0,7.0,5.2849695309271505
Delhi,2023-03-27,13,28.88,2.81,-0.138,41.6,11397.6,4,28.34,0.0,-0.159,41.0,25.82,0.0,-0.208,40.6,27.67,0.0,-0.218,40.3,1.609999999999998,-0.17475,41.175,3,0,0,5.0,3.0,4.25,7.0,7.301636184042963
Delhi,2023-04-03,14,27.45,3.82,-0.245,42.0,11402.2,4,27.77,3.63,-0.195,41.3,25.0,0.0,-0.207,40.8,26.84,4.04,-0.225,40.4,2.564999999999998,-0.18425,41.475,4,0,0,4.0,3.0,4.5,6.0,7.015661139093014
Delhi,2023-04-10,15,30.56,0.0,-0.12,42.5,11400.2,4,28.88,2.81,-0.138,41.6,28.34,0.0,-0.159,41.0,25.82,0.0,-0.208,40.6,2.564999999999998,-0.1745,41.85,4,0,0,4.0,5.0,4.25,7.0,7.641368507855189
Delhi,2023-04-17,16,31.58,0.71,-0.221,43.1,11395.8,7,27.45,3.82,-0.245,42.0,27.77,3.63,-0.195,41.3,25.0,0.0,-0.207,40.8,1.8349999999999984,-0.181,42.3,4,0,0,4.0,5.0,4.75,9.0,7.340987766432557
Delhi,2023-04-24,17,33.18,6.75,-0.191,43.7,11409.2,7,30.56,0.0,-0.12,42.5,28.88,2.81,-0.138,41.6,28.34,0.0,-0.159,41.0,2.819999999999998,-0.19425,42.825,4,0,0,7.0,4.0,5.5,9.0,8.683458721400013
Delhi,2023-05-01,18,31.43,4.83,-0.133,44.5,11399.5,6,31.58,0.71,-0.221,43.1,27.45,3.82,-0.245,42.0,27.77,3.63,-0.195,41.3,3.072499999999998,-0.16625,43.45,5,0,0,7.0,4.0,6.0,11.0,8.378914630899848
Delhi,2023-05-08,19,32.27,5.47,-0.177,45.3,11393.0,7,33.18,6.75,-0.191,43.7,30.56,0.0,-0.12,42.5,28.88,2.81,-0.138,41.6,4.439999999999998,-0.1805,44.15,5,0,0,6.0,4.0,6.75,10.0,9.152795376218387
Delhi,2023-05-15,20,30.45,4.6,-0.068,46.2,11401.0,9,31.43,4.83,-0.133,44.5,31.58,0.71,-0.221,43.1,27.45,3.82,-0.245,42.0,5.412499999999998,-0.14225,44.925,5,0,0,7.0,7.0,7.25,10.0,9.506409866071747
Delhi,2023-05-22,21,31.14,6.34,-0.181,47.1,11393.8,9,32.27,5.47,-0.177,45.3,33.18,6.75,-0.191,43.7,30.56,0.0,-0.12,42.5,5.309999999999998,-0.1397499999999999,45.775,5,0,0,9.0,7.0,7.75,9.0,9.65127889963885
Delhi,2023-05-29,22,32.21,6.86,-0.103,48.1,11409.1,11,30.45,4.6,-0.068,46.2,31.43,4.83,-0.133,44.5,31.58,0.71,-0.221,43.1,5.817499999999998,-0.1322499999999999,46.675,5,0,0,9.0,6.0,9.0,9.0,10.479544512625404
Delhi,2023-06-05,23,30.77,10.44,-0.122,49.1,11397.9,10,31.14,6.34,-0.181,47.1,32.27,5.47,-0.177,45.3,33.18,6.75,-0.191,43.7,7.059999999999998,-0.1185,47.625,6,1,0,11.0,7.0,9.75,10.0,11.165188349249004
Delhi,2023-06-12,24,32.27,11.04,-0.105,50.1,11402.2,10,32.21,6.86,-0.103,48.1,30.45,4.6,-0.068,46.2,31.43,4.83,-0.133,44.5,8.669999999999998,-0.12775,48.6,6,1,0,10.0,9.0,10.0,10.0,11.302642763612079
Delhi,2023-06-19,25,33.34,13.62,-0.109,51.1,11397.5,9,30.77,10.44,-0.122,49.1,31.14,6.34,-0.181,47.1,32.27,5.47,-0.177,45.3,10.489999999999998,-0.1097499999999999,49.6,6,1,0,10.0,9.0,10.0,11.0,11.303997171470877
Delhi,2023-06-26,26,34.33,14.1,-0.087,52.0,11401.2,9,32.27,11.04,-0.105,50.1,32.21,6.86,-0.103,48.1,30.45,4.6,-0.068,46.2,12.299999999999995,-0.10575,50.575,6,1,0,9.0,11.0,9.5,11.0,11.02525548428381
Delhi,2023-07-03,27,31.32,19.54,-0.083,52.9,11403.4,10,33.34,13.62,-0.109,51.1,30.77,10.44,-0.122,49.1,31.14,6.34,-0.181,47.1,14.575,-0.096,51.525,7,1,0,9.0,10.0,9.5,12.0,11.197350325500864
Delhi,2023-07-10,28,30.7,18.35,0.05,53.6,11401.0,10,34.33,14.1,-0.087,52.0,32.27,11.04,-0.105,50.1,32.21,6.86,-0.103,48.1,16.402499999999996,-0.0572499999999999,52.4,7,1,0,10.0,10.0,9.5,14.0,14.804687135423807
Delhi,2023-07-17,29,33.38,17.79,0.029,54.2,11395.1,11,31.32,19.54,-0.083,52.9,33.34,13.62,-0.109,51.1,30.77,10.44,-0.122,49.1,17.444999999999997,-0.02275,53.175,7,1,0,10.0,9.0,10.0,15.0,12.147031856302627
Delhi,2023-07-24,30,30.8,18.82,-0.049,54.6,11400.0,11,30.7,18.35,0.05,53.6,34.33,14.1,-0.087,52.0,32.27,11.04,-0.105,50.1,18.625,-0.01325,53.825,7,1,0,11.0,9.0,10.5,14.0,12.301902106627768
Delhi,2023-07-31,31,28.81,21.18,-0.055,54.9,11404.3,12,33.38,17.79,0.029,54.2,31.32,19.54,-0.083,52.9,33.34,13.62,-0.109,51.1,19.035,-0.00625,54.325,7,1,0,11.0,10.0,11.0,10.0,12.45835523808171
Delhi,2023-08-07,32,30.41,10.77,-0.073,55.0,11396.8,14,30.8,18.82,-0.049,54.6,30.7,18.35,0.05,53.6,34.33,14.1,-0.087,52.0,17.14,-0.037,54.675,8,1,0,12.0,10.0,12.0,11.0,11.62663464308054
Delhi,2023-08-14,33,28.77,20.1,-0.048,54.9,11402.7,15,28.81,21.18,-0.055,54.9,33.38,17.79,0.029,54.2,31.32,19.54,-0.083,52.9,17.717499999999998,-0.05625,54.85,8,1,0,14.0,11.0,13.0,12.0,11.45643992730789
Delhi,2023-08-21,34,28.91,14.75,-0.075,54.6,11404.0,14,30.41,10.77,-0.073,55.0,30.8,18.82,-0.049,54.6,30.7,18.35,0.05,53.6,16.7,-0.06275,54.85,8,1,0,15.0,11.0,13.75,10.0,11.046020105911678
Delhi,2023-08-28,35,29.11,17.88,-0.096,54.2,11407.1,10,28.77,20.1,-0.048,54.9,28.81,21.18,-0.055,54.9,33.38,17.79,0.029,54.2,15.874999999999996,-0.073,54.675,8,1,0,14.0,12.0,13.25,11.0,11.020338581057125
Delhi,2023-09-04,36,28.03,10.33,-0.091,53.6,11399.2,11,28.91,14.75,-0.075,54.6,30.41,10.77,-0.073,55.0,30.8,18.82,-0.049,54.6,15.765,-0.0775,54.325,9,1,1,10.0,14.0,12.5,12.0,10.600618246261769
Delhi,2023-09-11,37,26.09,14.86,-0.099,52.9,11397.3,12,29.11,17.88,-0.096,54.2,28.77,20.1,-0.048,54.9,28.81,21.18,-0.055,54.9,14.454999999999998,-0.09025,53.825,9,1,1,11.0,15.0,11.75,10.0,9.047287069426634
Delhi,2023-09-18,38,26.22,7.03,-0.136,52.0,11408.1,10,28.03,10.33,-0.091,53.6,28.91,14.75,-0.075,54.6,30.41,10.77,-0.073,55.0,12.525,-0.1055,53.175,9,1,1,12.0,14.0,10.75,9.0,8.967264860889072
Delhi,2023-09-25,39,24.02,8.93,-0.106,51.1,11410.4,11,26.09,14.86,-0.099,52.9,29.11,17.88,-0.096,54.2,28.77,20.1,-0.048,54.9,10.287499999999998,-0.108,52.4,9,1,1,10.0,10.0,11.0,9.0,8.513345250349465
Delhi,2023-10-02,40,23.07,13.62,-0.065,50.1,11402.8,12,26.22,7.03,-0.136,52.0,28.03,10.33,-0.091,53.6,28.91,14.75,-0.075,54.6,11.109999999999998,-0.1015,51.525000000000006,10,0,1,11.0,11.0,11.25,6.0,7.156964975703702
Delhi,2023-10-09,41,23.01,5.3,-0.131,49.1,11403.9,10,24.02,8.93,-0.106,51.1,26.09,14.86,-0.099,52.9,29.11,17.88,-0.096,54.2,8.719999999999997,-0.1095,50.575,10,0,1,12.0,12.0,10.75,7.0,6.889834830560774
Delhi,2023-10-16,42,22.37,2.88,-0.139,48.1,11400.9,9,23.07,13.62,-0.065,50.1,26.22,7.03,-0.136,52.0,28.03,10.33,-0.091,53.6,7.682499999999997,-0.11025,49.6,10,0,1,10.0,10.0,10.5,7.0,6.477241585351513
Delhi,2023-10-23,43,22.0,2.0,-0.104,47.1,11404.5,9,23.01,5.3,-0.131,49.1,24.02,8.93,-0.106,51.1,26.09,14.86,-0.099,52.9,5.9499999999999975,-0.10975,48.6,10,0,1,9.0,11.0,10.0,5.0,6.1072216917102065
Delhi,2023-10-30,44,20.74,1.43,-0.202,46.2,11405.5,6,22.37,2.88,-0.139,48.1,23.07,13.62,-0.065,50.1,26.22,7.03,-0.136,52.0,2.902499999999998,-0.144,47.62500000000001,10,0,1,9.0,12.0,8.5,6.0,5.5185412557440925
Delhi,2023-11-06,45,24.05,2.49,-0.153,45.3,11408.5,7,22.0,2.0,-0.104,47.1,23.01,5.3,-0.131,49.1,24.02,8.93,-0.106,51.1,2.1999999999999984,-0.1495,46.675,11,0,1,6.0,10.0,7.75,5.0,5.074664625799348
Delhi,2023-11-13,46,22.33,7.16,-0.176,44.5,11406.7,7,20.74,1.43,-0.202,46.2,22.37,2.88,-0.139,48.1,23.07,13.62,-0.065,50.1,3.2699999999999982,-0.15875,45.775,11,0,1,7.0,9.0,7.25,3.0,4.908211293579162
Delhi,2023-11-20,47,21.44,0.0,-0.239,43.7,11401.5,5,24.05,2.49,-0.153,45.3,22.0,2.0,-0.104,47.1,23.01,5.3,-0.131,49.1,2.7699999999999982,-0.1925,44.925,11,0,1,7.0,9.0,6.25,3.0,4.473788013202386
Delhi,2023-11-27,48,19.75,0.0,-0.129,43.1,11417.0,6,22.33,7.16,-0.176,44.5,20.74,1.43,-0.202,46.2,22.37,2.88,-0.139,48.1,2.4124999999999983,-0.17425,44.15,11,0,1,5.0,6.0,6.25,5.0,4.252896332913193
Guwahati,2022-12-19,51,17.7,0.0,-0.13,41.6,1412.9,5,18.05,0.0,-0.191,42.5,16.76,2.26,-0.173,43.7,20.2,3.92,-0.212,45.3,0.86,-0.184,42.3,12,0,0,5.0,6.0,4.25,4.0,3.427222303661045
Guwahati,2022-12-26,52,15.35,2.77,-0.169,41.3,1420.2,5,16.46,0.0,-0.222,42.0,18.51,3.44,-0.193,43.1,19.89,8.67,-0.179,44.5,0.6925,-0.178,41.85,12,0,0,5.0,4.0,4.5,3.0,7.454362477392328
Guwahati,2023-01-02,1,19.9,0.0,-0.207,40.0,1407.0,2,17.7,0.0,-0.13,41.6,18.05,0.0,-0.191,42.5,16.76,2.26,-0.173,43.7,0.6925,-0.182,41.225,1,0,0,5.0,3.0,4.25,3.0,3.4255766598431827
Guwahati,2023-01-09,2,18.67,0.0,-0.234,40.1,1414.3,5,15.35,2.77,-0.169,41.3,16.46,0.0,-0.222,42.0,18.51,3.44,-0.193,43.1,0.6925,-0.185,40.75,1,0,0,2.0,5.0,4.25,3.0,2.637665111014287
Guwahati,2023-01-16,3,18.62,0.0,-0.195,40.1,1405.8,4,19.9,0.0,-0.207,40.0,17.7,0.0,-0.13,41.6,18.05,0.0,-0.191,42.5,0.6925,-0.20125,40.375,1,0,0,5.0,5.0,4.0,4.0,3.216029838417592
Guwahati,2023-01-23,4,19.8,5.32,-0.226,40.1,1409.0,3,18.67,0.0,-0.234,40.1,15.35,2.77,-0.169,41.3,16.46,0.0,-0.222,42.0,1.33,-0.2155,40.075,1,0,0,4.0,5.0,3.5,4.0,2.7079978039389996
Guwahati,2023-01-30,5,19.96,0.0,-0.184,40.2,1409.8,3,18.62,0.0,-0.195,40.1,19.9,0.0,-0.207,40.0,17.7,0.0,-0.13,41.6,1.33,-0.20975,40.125,1,0,0,3.0,2.0,3.75,2.0,3.2302850453335905
Guwahati,2023-02-06,6,22.2,0.0,-0.257,40.2,1420.2,3,19.8,5.32,-0.226,40.1,18.67,0.0,-0.234,40.1,15.35,2.77,-0.169,41.3,1.33,-0.2155,40.150000000000006,2,0,0,3.0,5.0,3.25,3.0,3.0576799568815174
Guwahati,2023-02-13,7,20.16,0.0,-0.215,40.3,1416.1,4,19.96,0.0,-0.184,40.2,18.62,0.0,-0.195,40.1,19.9,0.0,-0.207,40.0,1.33,-0.2205,40.2,2,0,0,3.0,4.0,3.25,2.0,3.273703181509166
Guwahati,2023-02-20,8,22.57,5.75,-0.169,40.4,1411.1,4,22.2,0.0,-0.257,40.2,19.8,5.32,-0.226,40.1,18.67,0.0,-0.234,40.1,1.4375,-0.20625,40.275000000000006,2,0,0,4.0,3.0,3.5,4.0,3.318892156716818
Guwahati,2023-02-27,9,24.44,0.0,-0.192,40.6,1408.7,2,20.16,0.0,-0.215,40.3,19.96,0.0,-0.184,40.2,18.62,0.0,-0.195,40.1,1.4375,-0.20825,40.375,2,0,0,4.0,3.0,3.25,5.0,3.3461281777752103
Guwahati,2023-03-06,10,23.74,0.0,-0.229,40.8,1408.6,3,22.57,5.75,-0.169,40.4,22.2,0.0,-0.257,40.2,19.8,5.32,-0.226,40.1,1.4375,-0.20125,40.525,3,0,0,2.0,3.0,3.25,2.0,3.54371569611403
Guwahati,2023-03-13,11,24.63,0.0,-0.232,41.0,1409.7,2,24.44,0.0,-0.192,40.6,20.16,0.0,-0.215,40.3,19.96,0.0,-0.184,40.2,1.4375,-0.2055,40.7,3,0,0,3.0,4.0,2.75,5.0,3.6095538247564334
Guwahati,2023-03-20,12,24.1,7.16,-0.113,41.3,1422.3,4,23.74,0.0,-0.229,40.8,22.57,5.75,-0.169,40.4,22.2,0.0,-0.257,40.2,1.79,-0.1915,40.925,3,0,0,2.0,4.0,2.75,4.0,3.8612889117482707
Guwahati,2023-03-27,13,26.76,1.11,-0.189,41.6,1407.1,5,24.63,0.0,-0.232,41.0,24.44,0.0,-0.192,40.6,20.16,0.0,-0.215,40.3,2.0675,-0.19075,41.175,3,0,0,4.0,2.0,3.5,6.0,5.083270123254575
Guwahati,2023-04-03,14,28.03,9.44,-0.16,42.0,1409.7,2,24.1,7.16,-0.113,41.3,23.74,0.0,-0.229,40.8,22.57,5.75,-0.169,40.4,4.4275,-0.1735,41.475,4,0,0,5.0,3.0,3.25,4.0,5.419269155748314
Guwahati,2023-04-10,15,28.39,0.0,-0.162,42.5,1407.5,5,26.76,1.11,-0.189,41.6,24.63,0.0,-0.232,41.0,24.44,0.0,-0.192,40.6,4.4275,-0.156,41.85,4,0,0,2.0,2.0,4.0,6.0,5.78711190540838
Guwahati,2023-04-17,16,25.25,13.39,-0.097,43.1,1417.3,4,28.03,9.44,-0.16,42.0,24.1,7.16,-0.113,41.3,23.74,0.0,-0.229,40.8,5.984999999999999,-0.152,42.3,4,0,0,5.0,4.0,4.0,7.0,5.566607115369439
Guwahati,2023-04-24,17,27.19,4.21,-0.188,43.7,1423.8,6,28.39,0.0,-0.162,42.5,26.76,1.11,-0.189,41.6,24.63,0.0,-0.232,41.0,6.76,-0.15175,42.825,4,0,0,4.0,5.0,4.25,6.0,6.459735175311188
Guwahati,2023-05-01,18,29.8,9.33,-0.095,44.5,1403.8,4,25.25,13.39,-0.097,43.1,28.03,9.44,-0.16,42.0,24.1,7.16,-0.113,41.3,6.732500000000001,-0.1355,43.45,5,0,0,6.0,2.0,4.75,7.0,7.199930445910903
Guwahati,2023-05-08,19,28.27,9.73,-0.152,45.3,1412.9,6,27.19,4.21,-0.188,43.7,28.39,0.0,-0.162,42.5,26.76,1.11,-0.189,41.6,9.165,-0.133,44.15,5,0,0,4.0,5.0,5.0,6.0,6.607522825518255
Guwahati,2023-05-15,20,31.24,13.07,-0.09,46.2,1418.1,7,29.8,9.33,-0.095,44.5,25.25,13.39,-0.097,43.1,28.03,9.44,-0.16,42.0,9.085,-0.13125,44.925,5,0,0,6.0,4.0,5.75,9.0,8.732790177834065
Guwahati,2023-05-22,21,27.34,15.39,-0.073,47.1,1419.0,6,28.27,9.73,-0.152,45.3,27.19,4.21,-0.188,43.7,28.39,0.0,-0.162,42.5,11.88,-0.1025,45.775,5,0,0,7.0,6.0,5.75,7.0,8.30535704869132
Guwahati,2023-05-29,22,31.07,18.58,0.004,48.1,1414.8,7,31.24,13.07,-0.09,46.2,29.8,9.33,-0.095,44.5,25.25,13.39,-0.097,43.1,14.1925,-0.07775,46.675,5,0,0,6.0,4.0,6.5,8.0,9.462624887389364
Guwahati,2023-06-05,23,29.17,15.65,-0.026,49.1,1414.0,6,27.34,15.39,-0.073,47.1,28.27,9.73,-0.152,45.3,27.19,4.21,-0.188,43.7,15.6725,-0.04625,47.625,6,1,0,7.0,6.0,6.5,9.0,9.019890869688346
Guwahati,2023-06-12,24,28.83,22.2,-0.018,50.1,1410.7,9,31.07,18.58,0.004,48.1,31.24,13.07,-0.09,46.2,29.8,9.33,-0.095,44.5,17.955,-0.02825,48.6,6,1,0,6.0,7.0,7.0,8.0,11.080487233269343
Guwahati,2023-06-19,25,32.66,24.27,-0.052,51.1,1418.1,7,29.17,15.65,-0.026,49.1,27.34,15.39,-0.073,47.1,28.27,9.73,-0.152,45.3,20.175,-0.023,49.6,6,1,0,9.0,6.0,7.25,10.0,10.323574271834739
Guwahati,2023-06-26,26,30.8,20.3,-0.019,52.0,1417.1,8,28.83,22.2,-0.018,50.1,31.07,18.58,0.004,48.1,31.24,13.07,-0.09,46.2,20.605,-0.02875,50.575,6,1,0,7.0,7.0,7.5,13.0,11.285906024571988
Guwahati,2023-07-03,27,28.86,32.09,0.037,52.9,1408.0,9,32.66,24.27,-0.052,51.1,29.17,15.65,-0.026,49.1,27.34,15.39,-0.073,47.1,24.715,-0.013,51.525,7,1,0,8.0,6.0,8.25,13.0,13.297117220445173
Guwahati,2023-07-10,28,29.05,21.82,0.044,53.6,1407.5,8,30.8,20.3,-0.019,52.0,28.83,22.2,-0.018,50.1,31.07,18.58,0.004,48.1,24.62,0.0024999999999999,52.4,7,1,0,9.0,9.0,8.0,13.0,13.750325058424139
Guwahati,2023-07-17,29,26.54,27.83,0.009,54.2,1406.0,10,28.86,32.09,0.037,52.9,32.66,24.27,-0.052,51.1,29.17,15.65,-0.026,49.1,25.51,0.0177499999999999,53.175,7,1,0,8.0,7.0,8.75,12.0,12.318784493795507
Guwahati,2023-07-24,30,27.2,19.67,0.034,54.6,1413.9,13,29.05,21.82,0.044,53.6,30.8,20.3,-0.019,52.0,28.83,22.2,-0.018,50.1,25.3525,0.0309999999999999,53.825,7,1,0,10.0,8.0,10.0,13.0,12.193212485462062
Guwahati,2023-07-31,31,28.46,24.02,-0.049,54.9,1414.3,13,26.54,27.83,0.009,54.2,28.86,32.09,0.037,52.9,32.66,24.27,-0.052,51.1,23.335,0.0094999999999999,54.325,7,1,0,13.0,9.0,11.0,12.0,12.349051193341051
Guwahati,2023-08-07,32,26.17,23.12,0.011,55.0,1411.1,13,27.2,19.67,0.034,54.6,29.05,21.82,0.044,53.6,30.8,20.3,-0.019,52.0,23.660000000000004,0.0012499999999999,54.675,8,1,0,13.0,8.0,12.25,10.0,11.358161937814259
Guwahati,2023-08-14,33,25.19,22.56,0.016,54.9,1418.6,12,28.46,24.02,-0.049,54.9,26.54,27.83,0.009,54.2,28.86,32.09,0.037,52.9,22.3425,0.0029999999999999,54.85,8,1,0,13.0,10.0,12.75,11.0,10.79146844305334
Guwahati,2023-08-21,34,26.99,23.8,0.034,54.6,1415.9,13,26.17,23.12,0.011,55.0,27.2,19.67,0.034,54.6,29.05,21.82,0.044,53.6,23.375,0.0029999999999999,54.85,8,1,0,12.0,13.0,12.75,12.0,11.031873966027394
Guwahati,2023-08-28,35,25.91,29.64,0.031,54.2,1419.5,12,25.19,22.56,0.016,54.9,28.46,24.02,-0.049,54.9,26.54,27.83,0.009,54.2,24.78,0.0229999999999999,54.675,8,1,0,13.0,13.0,12.5,12.0,11.43119279352074
Guwahati,2023-09-04,36,25.08,17.15,-0.029,53.6,1411.7,10,26.99,23.8,0.034,54.6,26.17,23.12,0.011,55.0,27.2,19.67,0.034,54.6,23.2875,0.0129999999999999,54.325,9,1,1,12.0,13.0,11.75,12.0,11.620123640933366
Guwahati,2023-09-11,37,23.5,13.4,-0.034,52.9,1415.9,11,25.91,29.64,0.031,54.2,25.19,22.56,0.016,54.9,28.46,24.02,-0.049,54.9,20.9975,0.0004999999999999,53.825,9,1,1,10.0,12.0,11.5,8.0,9.260081368502261
Guwahati,2023-09-18,38,22.08,16.78,-0.053,52.0,1424.1,12,25.08,17.15,-0.029,53.6,26.99,23.8,0.034,54.6,26.17,23.12,0.011,55.0,19.2425,-0.02125,53.175,9,1,1,11.0,13.0,11.25,7.0,8.21801988521318
Guwahati,2023-09-25,39,21.58,3.97,-0.097,51.1,1405.9,12,23.5,13.4,-0.034,52.9,25.91,29.64,0.031,54.2,25.19,22.56,0.016,54.9,12.825,-0.05325,52.4,9,1,1,12.0,12.0,11.25,7.0,7.2541204944811595
Guwahati,2023-10-02,40,21.51,10.29,-0.13,50.1,1412.4,12,22.08,16.78,-0.053,52.0,25.08,17.15,-0.029,53.6,26.99,23.8,0.034,54.6,11.11,-0.0785,51.525000000000006,10,0,1,12.0,10.0,11.75,6.0,6.7894184845621
Guwahati,2023-10-09,41,21.24,16.34,-0.1,49.1,1417.6,8,21.58,3.97,-0.097,51.1,23.5,13.4,-0.034,52.9,25.91,29.64,0.031,54.2,11.845,-0.095,50.575,10,0,1,12.0,11.0,11.0,7.0,6.656409456590499
Guwahati,2023-10-16,42,17.92,12.68,-0.007,48.1,1413.2,7,21.51,10.29,-0.13,50.1,22.08,16.78,-0.053,52.0,25.08,17.15,-0.029,53.6,10.82,-0.0835,49.6,10,0,1,8.0,12.0,9.75,7.0,6.237155961245485
Guwahati,2023-10-23,43,20.97,10.39,-0.105,47.1,1411.5,7,21.24,16.34,-0.1,49.1,21.58,3.97,-0.097,51.1,23.5,13.4,-0.034,52.9,12.425,-0.0855,48.6,10,0,1,7.0,12.0,8.5,7.0,6.045932717926852
Guwahati,2023-10-30,44,19.61,5.63,-0.191,46.2,1408.7,6,17.92,12.68,-0.007,48.1,21.51,10.29,-0.13,50.1,22.08,16.78,-0.053,52.0,11.260000000000002,-0.10075,47.62500000000001,10,0,1,7.0,12.0,7.0,5.0,5.368726982114916
Guwahati,2023-11-06,45,19.34,0.0,-0.172,45.3,1420.3,7,20.97,10.39,-0.105,47.1,21.24,16.34,-0.1,49.1,21.58,3.97,-0.097,51.1,7.175,-0.11875,46.675,11,0,1,6.0,8.0,6.75,5.0,4.972253167139348
Guwahati,2023-11-13,46,17.61,1.97,-0.234,44.5,1416.8,7,19.61,5.63,-0.191,46.2,17.92,12.68,-0.007,48.1,21.51,10.29,-0.13,50.1,4.4975000000000005,-0.1755,45.775,11,0,1,7.0,7.0,6.75,5.0,4.907831182176325
Guwahati,2023-11-20,47,18.77,3.31,-0.171,43.7,1407.5,7,19.34,0.0,-0.172,45.3,20.97,10.39,-0.105,47.1,21.24,16.34,-0.1,49.1,2.7275,-0.192,44.925,11,0,1,7.0,7.0,6.75,5.0,4.48432614129352
Guwahati,2023-11-27,48,18.64,0.0,-0.201,43.1,1416.8,5,17.61,1.97,-0.234,44.5,19.61,5.63,-0.191,46.2,17.92,12.68,-0.007,48.1,1.32,-0.1945,44.15,11,0,1,7.0,6.0,6.5,4.0,4.063436181908949
Kochi,2022-12-19,51,21.66,0.0,-0.136,41.6,6386.3,4,22.41,2.85,-0.205,42.5,21.18,6.22,-0.146,43.7,22.64,12.79,-0.14,45.3,1.955,-0.17675,42.3,12,0,0,5.0,6.0,4.75,4.0,4.0780565296154485
Kochi,2022-12-26,52,22.97,0.0,-0.195,41.3,6392.4,5,21.82,4.97,-0.181,42.0,22.23,0.0,-0.185,43.1,21.73,1.5,-0.169,44.5,1.955,-0.1792499999999999,41.85,12,0,0,4.0,4.0,5.0,3.0,3.605581331897455
Kochi,2023-01-02,1,23.85,0.0,-0.218,40.0,6390.0,4,21.66,0.0,-0.136,41.6,22.41,2.85,-0.205,42.5,21.18,6.22,-0.146,43.7,1.2424999999999995,-0.1825,41.225,1,0,0,5.0,6.0,4.5,3.0,3.1632717358301505
Kochi,2023-01-09,2,23.18,8.58,-0.128,40.1,6386.4,4,22.97,0.0,-0.195,41.3,21.82,4.97,-0.181,42.0,22.23,0.0,-0.185,43.1,2.145,-0.1692499999999999,40.75,1,0,0,4.0,5.0,4.25,3.0,3.7084102461152466
Kochi,2023-01-16,3,23.7,9.16,-0.091,40.1,6389.4,4,23.85,0.0,-0.218,40.0,21.66,0.0,-0.136,41.6,22.41,2.85,-0.205,42.5,4.4350000000000005,-0.1579999999999999,40.375,1,0,0,4.0,4.0,4.25,4.0,4.619794486219289
Kochi,2023-01-23,4,21.13,10.84,-0.153,40.1,6382.5,3,23.18,8.58,-0.128,40.1,22.97,0.0,-0.195,41.3,21.82,4.97,-0.181,42.0,7.145,-0.1475,40.075,1,0,0,4.0,5.0,3.75,3.0,3.9462492958851763
Kochi,2023-01-30,5,23.22,0.0,-0.166,40.2,6394.1,3,23.7,9.16,-0.091,40.1,23.85,0.0,-0.218,40.0,21.66,0.0,-0.136,41.6,7.145,-0.1345,40.125,1,0,0,3.0,4.0,3.5,4.0,3.7731536314013456
Kochi,2023-02-06,6,25.7,5.03,-0.225,40.2,6393.3,3,21.13,10.84,-0.153,40.1,23.18,8.58,-0.128,40.1,22.97,0.0,-0.195,41.3,6.2575,-0.15875,40.150000000000006,2,0,0,3.0,4.0,3.25,2.0,4.397787171645006
Kochi,2023-02-13,7,26.89,0.0,-0.171,40.3,6390.8,4,23.22,0.0,-0.166,40.2,23.7,9.16,-0.091,40.1,23.85,0.0,-0.218,40.0,3.9675,-0.17875,40.2,2,0,0,3.0,4.0,3.25,5.0,4.496647950169173
Kochi,2023-02-20,8,26.7,0.0,-0.186,40.4,6395.7,3,25.7,5.03,-0.225,40.2,21.13,10.84,-0.153,40.1,23.18,8.58,-0.128,40.1,1.2575,-0.187,40.275000000000006,2,0,0,4.0,3.0,3.25,5.0,4.640221205836822
Kochi,2023-02-27,9,25.97,0.0,-0.252,40.6,6384.8,4,26.89,0.0,-0.171,40.3,23.22,0.0,-0.166,40.2,23.7,9.16,-0.091,40.1,1.2575,-0.2085,40.375,2,0,0,3.0,3.0,3.5,4.0,4.373487959645006
Kochi,2023-03-06,10,29.19,2.14,-0.176,40.8,6386.6,2,26.7,0.0,-0.186,40.4,25.7,5.03,-0.225,40.2,21.13,10.84,-0.153,40.1,0.535,-0.1962499999999999,40.525,3,0,0,4.0,3.0,3.25,5.0,5.550457089629057
Kochi,2023-03-13,11,30.22,7.56,-0.105,41.0,6384.3,5,25.97,0.0,-0.252,40.6,26.89,0.0,-0.171,40.3,23.22,0.0,-0.166,40.2,2.425,-0.17975,40.7,3,0,0,2.0,4.0,3.5,8.0,6.076022933779007
Kochi,2023-03-20,12,29.25,3.78,-0.121,41.3,6391.5,5,29.19,2.14,-0.176,40.8,26.7,0.0,-0.186,40.4,25.7,5.03,-0.225,40.2,3.37,-0.1634999999999999,40.925,3,0,0,5.0,3.0,4.0,7.0,6.116338703015268
Kochi,2023-03-27,13,28.42,0.0,-0.156,41.6,6402.7,4,30.22,7.56,-0.105,41.0,25.97,0.0,-0.252,40.6,26.89,0.0,-0.171,40.3,3.37,-0.1394999999999999,41.175,3,0,0,5.0,4.0,4.0,6.0,7.152917880870877
Kochi,2023-04-03,14,30.56,0.0,-0.23,42.0,6394.1,5,29.25,3.78,-0.121,41.3,29.19,2.14,-0.176,40.8,26.7,0.0,-0.186,40.4,2.835,-0.153,41.475,4,0,0,4.0,2.0,4.75,8.0,7.657466849787226
Kochi,2023-04-10,15,32.73,3.21,-0.182,42.5,6398.3,8,28.42,0.0,-0.156,41.6,30.22,7.56,-0.105,41.0,25.97,0.0,-0.252,40.6,1.7475,-0.17225,41.85,4,0,0,5.0,5.0,5.5,9.0,8.695893195299863
Kochi,2023-04-17,16,32.49,16.57,-0.086,43.1,6397.7,7,30.56,0.0,-0.23,42.0,29.25,3.78,-0.121,41.3,29.19,2.14,-0.176,40.8,4.945,-0.1634999999999999,42.3,4,0,0,8.0,5.0,6.0,8.0,9.235753178196568
Kochi,2023-04-24,17,31.23,11.18,-0.071,43.7,6398.5,6,32.73,3.21,-0.182,42.5,28.42,0.0,-0.156,41.6,30.22,7.56,-0.105,41.0,7.74,-0.14225,42.825,4,0,0,7.0,4.0,6.5,7.0,8.918547331618505
Kochi,2023-05-01,18,34.57,4.36,-0.178,44.5,6390.3,8,32.49,16.57,-0.086,43.1,30.56,0.0,-0.23,42.0,29.25,3.78,-0.121,41.3,8.83,-0.1292499999999999,43.45,5,0,0,6.0,5.0,7.25,9.0,9.884990477228552
Kochi,2023-05-08,19,34.42,7.16,-0.198,45.3,6393.2,9,31.23,11.18,-0.071,43.7,32.73,3.21,-0.182,42.5,28.42,0.0,-0.156,41.6,9.8175,-0.1332499999999999,44.15,5,0,0,8.0,8.0,7.5,12.0,10.358643077397696
Kochi,2023-05-15,20,34.29,24.79,-0.019,46.2,6397.6,8,34.57,4.36,-0.178,44.5,32.49,16.57,-0.086,43.1,30.56,0.0,-0.23,42.0,11.8725,-0.1164999999999999,44.925,5,0,0,9.0,7.0,7.75,10.0,10.736876555823754
Kochi,2023-05-22,21,33.3,19.35,0.005,47.1,6395.4,7,34.42,7.16,-0.198,45.3,31.23,11.18,-0.071,43.7,32.73,3.21,-0.182,42.5,13.915,-0.0974999999999999,45.775,5,0,0,8.0,6.0,8.0,10.0,12.577560690870483
Kochi,2023-05-29,22,32.23,10.0,-0.09,48.1,6397.6,9,34.29,24.79,-0.019,46.2,34.57,4.36,-0.178,44.5,32.49,16.57,-0.086,43.1,15.325,-0.0754999999999999,46.675,5,0,0,7.0,8.0,8.25,10.0,11.316144553927755
Kochi,2023-06-05,23,35.22,16.03,-0.023,49.1,6388.8,12,33.3,19.35,0.005,47.1,34.42,7.16,-0.198,45.3,31.23,11.18,-0.071,43.7,17.5425,-0.0317499999999999,47.625,6,1,0,9.0,9.0,9.0,11.0,11.65230665016138
Kochi,2023-06-12,24,33.67,27.49,0.057,50.1,6401.4,10,32.23,10.0,-0.09,48.1,34.29,24.79,-0.019,46.2,34.57,4.36,-0.178,44.5,18.2175,-0.0127499999999999,48.6,6,1,0,12.0,8.0,9.5,14.0,15.550816216394187
Kochi,2023-06-19,25,34.52,20.31,0.011,51.1,6392.7,10,35.22,16.03,-0.023,49.1,33.3,19.35,0.005,47.1,34.42,7.16,-0.198,45.3,18.4575,-0.0112499999999999,49.6,6,1,0,10.0,7.0,10.25,15.0,14.822110832035468
Kochi,2023-06-26,26,33.87,22.67,0.031,52.0,6401.3,10,33.67,27.49,0.057,50.1,32.23,10.0,-0.09,48.1,34.29,24.79,-0.019,46.2,21.625,0.019,50.575,6,1,0,10.0,9.0,10.5,16.0,14.292318095783813
Kochi,2023-07-03,27,32.22,28.91,0.083,52.9,6395.5,11,34.52,20.31,0.011,51.1,35.22,16.03,-0.023,49.1,33.3,19.35,0.005,47.1,24.845,0.0455,51.525,7,1,0,10.0,12.0,10.25,14.0,16.96622165386269
Kochi,2023-07-10,28,33.37,36.0,0.118,53.6,6398.7,14,33.87,22.67,0.031,52.0,33.67,27.49,0.057,50.1,32.23,10.0,-0.09,48.1,26.9725,0.06075,52.4,7,1,0,11.0,10.0,11.25,22.0,18.771719925968462
Kochi,2023-07-17,29,32.98,30.79,0.061,54.2,6389.7,15,32.22,28.91,0.083,52.9,34.52,20.31,0.011,51.1,35.22,16.03,-0.023,49.1,29.5925,0.07325,53.175,7,1,0,14.0,10.0,12.5,21.0,19.534040690790683
Kochi,2023-07-24,30,31.78,39.34,0.036,54.6,6392.0,16,33.37,36.0,0.118,53.6,33.87,22.67,0.031,52.0,33.67,27.49,0.057,50.1,33.76,0.0745,53.825,7,1,0,15.0,10.0,14.0,16.0,16.995617878212393
Kochi,2023-07-31,31,30.93,33.4,0.066,54.9,6395.3,14,32.98,30.79,0.061,54.2,32.22,28.91,0.083,52.9,34.52,20.31,0.011,51.1,34.8825,0.07025,54.325,7,1,0,16.0,11.0,14.75,17.0,19.711908952158954
Kochi,2023-08-07,32,29.61,34.78,0.12,55.0,6398.4,22,31.78,39.34,0.036,54.6,33.37,36.0,0.118,53.6,33.87,22.67,0.031,52.0,34.5775,0.07075,54.675,8,1,0,14.0,14.0,16.75,18.0,20.036618367743376
Kochi,2023-08-14,33,30.75,34.53,0.165,54.9,6392.2,21,30.93,33.4,0.066,54.9,32.98,30.79,0.061,54.2,32.22,28.91,0.083,52.9,35.5125,0.09675,54.85,8,1,0,22.0,15.0,18.25,29.0,23.170403240278258
Kochi,2023-08-21,34,30.95,27.07,0.061,54.6,6399.9,16,29.61,34.78,0.12,55.0,31.78,39.34,0.036,54.6,33.37,36.0,0.118,53.6,32.445,0.103,54.85,8,1,0,21.0,16.0,18.25,24.0,18.824027620527616
Kochi,2023-08-28,35,28.76,26.09,0.026,54.2,6406.5,17,30.75,34.53,0.165,54.9,30.93,33.4,0.066,54.9,32.98,30.79,0.061,54.2,30.6175,0.093,54.675,8,1,0,16.0,14.0,19.0,17.0,14.958014949244822
Kochi,2023-09-04,36,27.33,20.58,-0.037,53.6,6406.0,18,30.95,27.07,0.061,54.6,29.61,34.78,0.12,55.0,31.78,39.34,0.036,54.6,27.0675,0.05375,54.325,9,1,1,17.0,22.0,18.0,11.0,13.071539693434737
Kochi,2023-09-11,37,25.98,20.41,0.005,52.9,6391.7,29,28.76,26.09,0.026,54.2,30.75,34.53,0.165,54.9,30.93,33.4,0.066,54.9,23.5375,0.01375,53.825,9,1,1,18.0,21.0,20.0,10.0,11.456397732311489
Kochi,2023-09-18,38,27.7,16.61,-0.093,52.0,6402.6,24,27.33,20.58,-0.037,53.6,30.95,27.07,0.061,54.6,29.61,34.78,0.12,55.0,20.9225,-0.0247499999999999,53.175,9,1,1,29.0,16.0,22.0,10.0,10.4630752023562
Kochi,2023-09-25,39,25.13,11.65,-0.084,51.1,6393.9,17,25.98,20.41,0.005,52.9,28.76,26.09,0.026,54.2,30.75,34.53,0.165,54.9,17.3125,-0.0522499999999999,52.4,9,1,1,24.0,17.0,22.0,10.0,8.620583937346318
Kochi,2023-10-02,40,25.24,10.58,-0.088,50.1,6407.9,11,27.7,16.61,-0.093,52.0,27.33,20.58,-0.037,53.6,30.95,27.07,0.061,54.6,14.8125,-0.0649999999999999,51.525000000000006,10,0,1,17.0,18.0,20.25,7.0,7.445456968082338
Kochi,2023-10-09,41,24.37,15.27,-0.092,49.1,6401.7,10,25.13,11.65,-0.084,51.1,25.98,20.41,0.005,52.9,28.76,26.09,0.026,54.2,13.5275,-0.08925,50.575,10,0,1,11.0,29.0,15.5,7.0,7.345555349998473
Kochi,2023-10-16,42,23.37,9.92,-0.08,48.1,6406.2,10,25.24,10.58,-0.088,50.1,27.7,16.61,-0.093,52.0,27.33,20.58,-0.037,53.6,11.855,-0.086,49.6,10,0,1,10.0,24.0,12.0,6.0,7.1964386864307
Kochi,2023-10-23,43,24.83,7.66,-0.118,47.1,6402.5,10,24.37,15.27,-0.092,49.1,25.13,11.65,-0.084,51.1,25.98,20.41,0.005,52.9,10.8575,-0.0945,48.6,10,0,1,10.0,17.0,10.25,7.0,6.068363748290897
Kochi,2023-10-30,44,22.25,14.44,-0.172,46.2,6394.2,7,23.37,9.92,-0.08,48.1,25.24,10.58,-0.088,50.1,27.7,16.61,-0.093,52.0,11.822499999999998,-0.1154999999999999,47.62500000000001,10,0,1,10.0,11.0,9.25,5.0,6.512300067875035
Kochi,2023-11-06,45,22.57,0.0,-0.173,45.3,6405.3,7,24.83,7.66,-0.118,47.1,24.37,15.27,-0.092,49.1,25.13,11.65,-0.084,51.1,8.004999999999999,-0.1357499999999999,46.675,11,0,1,7.0,10.0,8.5,5.0,5.400331566790762
Kochi,2023-11-13,46,20.38,4.65,-0.175,44.5,6408.8,6,22.25,14.44,-0.172,46.2,23.37,9.92,-0.08,48.1,25.24,10.58,-0.088,50.1,6.6875,-0.1594999999999999,45.775,11,0,1,7.0,10.0,7.5,6.0,4.890162444918803
Kochi,2023-11-20,47,25.17,6.83,-0.106,43.7,6400.1,7,22.57,0.0,-0.173,45.3,24.83,7.66,-0.118,47.1,24.37,15.27,-0.092,49.1,6.48,-0.1564999999999999,44.925,11,0,1,6.0,10.0,6.75,5.0,5.535725649097156
Kochi,2023-11-27,48,22.05,0.0,-0.222,43.1,6403.2,5,20.38,4.65,-0.175,44.5,22.25,14.44,-0.172,46.2,23.37,9.92,-0.08,48.1,2.87,-0.1689999999999999,44.15,11,0,1,7.0,7.0,6.25,4.0,4.447636189703574
Kolkata,2022-12-19,51,22.21,0.0,-0.255,41.6,24900.1,5,21.74,0.0,-0.167,42.5,21.48,0.0,-0.184,43.7,23.05,3.67,-0.171,45.3,0.0,-0.20775,42.3,12,0,0,5.0,6.0,4.75,5.0,3.702956934663011
Kolkata,2022-12-26,52,25.08,1.63,-0.228,41.3,24894.7,3,21.51,0.0,-0.203,42.0,23.07,0.0,-0.206,43.1,19.63,8.06,-0.116,44.5,0.4075,-0.21325,41.85,12,0,0,5.0,5.0,4.25,3.0,3.658216232044451
Kolkata,2023-01-02,1,19.63,4.48,-0.118,40.0,24897.0,5,22.21,0.0,-0.255,41.6,21.74,0.0,-0.167,42.5,21.48,0.0,-0.184,43.7,1.5275,-0.2009999999999999,41.225,1,0,0,3.0,4.0,4.5,4.0,3.8008087160300943
Kolkata,2023-01-09,2,23.49,0.0,-0.204,40.1,24901.0,5,25.08,1.63,-0.228,41.3,21.51,0.0,-0.203,42.0,23.07,0.0,-0.206,43.1,1.5275,-0.2012499999999999,40.75,1,0,0,5.0,5.0,4.5,3.0,3.129564005672206
Kolkata,2023-01-16,3,23.3,0.0,-0.141,40.1,24903.1,5,19.63,4.48,-0.118,40.0,22.21,0.0,-0.255,41.6,21.74,0.0,-0.167,42.5,1.5275,-0.17275,40.375,1,0,0,5.0,5.0,4.5,3.0,3.705640264903703
Kolkata,2023-01-23,4,20.55,0.0,-0.182,40.1,24904.0,3,23.49,0.0,-0.204,40.1,25.08,1.63,-0.228,41.3,21.51,0.0,-0.203,42.0,1.12,-0.1612499999999999,40.075,1,0,0,5.0,3.0,4.5,3.0,3.7361519570367303
Kolkata,2023-01-30,5,22.78,10.22,-0.145,40.2,24903.3,4,23.3,0.0,-0.141,40.1,19.63,4.48,-0.118,40.0,22.21,0.0,-0.255,41.6,2.555,-0.1679999999999999,40.125,1,0,0,3.0,5.0,4.25,2.0,3.158913088745674
Kolkata,2023-02-06,6,24.09,0.0,-0.161,40.2,24907.5,3,20.55,0.0,-0.182,40.1,23.49,0.0,-0.204,40.1,25.08,1.63,-0.228,41.3,2.555,-0.1572499999999999,40.150000000000006,2,0,0,4.0,5.0,3.75,2.0,4.239524073325384
Kolkata,2023-02-13,7,23.71,0.0,-0.178,40.3,24908.8,3,22.78,10.22,-0.145,40.2,23.3,0.0,-0.141,40.1,19.63,4.48,-0.118,40.0,2.555,-0.1664999999999999,40.2,2,0,0,3.0,5.0,3.25,3.0,3.264091876501621
Kolkata,2023-02-20,8,26.01,0.0,-0.2,40.4,24899.2,3,24.09,0.0,-0.161,40.2,20.55,0.0,-0.182,40.1,23.49,0.0,-0.204,40.1,2.555,-0.1709999999999999,40.275000000000006,2,0,0,3.0,3.0,3.25,3.0,4.256316770651977
Kolkata,2023-02-27,9,26.08,0.0,-0.239,40.6,24911.6,2,23.71,0.0,-0.178,40.3,22.78,10.22,-0.145,40.2,23.3,0.0,-0.141,40.1,0.0,-0.1944999999999999,40.375,2,0,0,3.0,4.0,2.75,5.0,4.4492854636662775
Kolkata,2023-03-06,10,26.62,5.55,-0.179,40.8,24909.8,2,26.01,0.0,-0.2,40.4,24.09,0.0,-0.161,40.2,20.55,0.0,-0.182,40.1,1.3875,-0.1989999999999999,40.525,3,0,0,2.0,3.0,2.5,3.0,5.455945175357734
Kolkata,2023-03-13,11,26.46,3.22,-0.245,41.0,24900.4,3,26.08,0.0,-0.239,40.6,23.71,0.0,-0.178,40.3,22.78,10.22,-0.145,40.2,2.1925,-0.21575,40.7,3,0,0,2.0,3.0,2.5,4.0,5.032123254034797
Kolkata,2023-03-20,12,27.46,1.63,-0.19,41.3,24907.0,3,26.62,5.55,-0.179,40.8,26.01,0.0,-0.2,40.4,24.09,0.0,-0.161,40.2,2.6,-0.2132499999999999,40.925,3,0,0,3.0,3.0,2.5,6.0,5.46508656081887
Kolkata,2023-03-27,13,28.01,0.0,-0.252,41.6,24907.6,5,26.46,3.22,-0.245,41.0,26.08,0.0,-0.239,40.6,23.71,0.0,-0.178,40.3,2.6,-0.2164999999999999,41.175,3,0,0,3.0,2.0,3.25,6.0,4.978969139872094
Kolkata,2023-04-03,14,27.97,4.03,-0.184,42.0,24910.5,3,27.46,1.63,-0.19,41.3,26.62,5.55,-0.179,40.8,26.01,0.0,-0.2,40.4,2.22,-0.21775,41.475,4,0,0,5.0,2.0,3.5,6.0,5.536745618172484
Kolkata,2023-04-10,15,29.32,1.13,-0.197,42.5,24911.4,4,28.01,0.0,-0.252,41.6,26.46,3.22,-0.245,41.0,26.08,0.0,-0.239,40.6,1.6974999999999998,-0.20575,41.85,4,0,0,3.0,3.0,3.75,7.0,5.737641638931628
Kolkata,2023-04-17,16,31.86,9.98,-0.103,43.1,24907.3,6,27.97,4.03,-0.184,42.0,27.46,1.63,-0.19,41.3,26.62,5.55,-0.179,40.8,3.785,-0.1839999999999999,42.3,4,0,0,4.0,3.0,4.5,8.0,7.902532568421218
Kolkata,2023-04-24,17,31.58,6.56,-0.121,43.7,24922.8,6,29.32,1.13,-0.197,42.5,28.01,0.0,-0.252,41.6,26.46,3.22,-0.245,41.0,5.425,-0.1512499999999999,42.825,4,0,0,6.0,5.0,4.75,7.0,8.908146386644114
Kolkata,2023-05-01,18,31.33,9.55,-0.086,44.5,24920.2,6,31.86,9.98,-0.103,43.1,27.97,4.03,-0.184,42.0,27.46,1.63,-0.19,41.3,6.805,-0.1267499999999999,43.45,5,0,0,6.0,3.0,5.5,7.0,8.395653589019803
Kolkata,2023-05-08,19,31.58,13.42,-0.081,45.3,24922.6,7,31.58,6.56,-0.121,43.7,29.32,1.13,-0.197,42.5,28.01,0.0,-0.252,41.6,9.8775,-0.0977499999999999,44.15,5,0,0,6.0,4.0,6.25,10.0,9.607835389029301
Kolkata,2023-05-15,20,31.79,9.34,-0.093,46.2,24913.8,8,31.33,9.55,-0.086,44.5,31.86,9.98,-0.103,43.1,27.97,4.03,-0.184,42.0,9.7175,-0.0952499999999999,44.925,5,0,0,7.0,6.0,6.75,8.0,9.605613804670734
Kolkata,2023-05-22,21,30.22,6.62,-0.126,47.1,24916.0,7,31.58,13.42,-0.081,45.3,31.58,6.56,-0.121,43.7,29.32,1.13,-0.197,42.5,9.7325,-0.0964999999999999,45.775,5,0,0,8.0,6.0,7.0,9.0,9.302748494179855
Kolkata,2023-05-29,22,32.09,17.82,-0.168,48.1,24918.0,7,31.79,9.34,-0.093,46.2,31.33,9.55,-0.086,44.5,31.86,9.98,-0.103,43.1,11.8,-0.1169999999999999,46.675,5,0,0,7.0,6.0,7.25,10.0,11.04264601536018
Kolkata,2023-06-05,23,32.73,19.15,-0.019,49.1,24915.6,10,30.22,6.62,-0.126,47.1,31.58,13.42,-0.081,45.3,31.58,6.56,-0.121,43.7,13.232499999999998,-0.1014999999999999,47.625,6,1,0,7.0,7.0,8.0,10.0,11.884016469633293
Kolkata,2023-06-12,24,30.88,18.54,-0.034,50.1,24918.9,8,32.09,17.82,-0.168,48.1,31.79,9.34,-0.093,46.2,31.33,9.55,-0.086,44.5,15.5325,-0.0867499999999999,48.6,6,1,0,10.0,8.0,8.0,10.0,11.534290834045537
Kolkata,2023-06-19,25,32.67,16.13,-0.029,51.1,24926.3,9,32.73,19.15,-0.019,49.1,30.22,6.62,-0.126,47.1,31.58,13.42,-0.081,45.3,17.909999999999997,-0.0624999999999999,49.6,6,1,0,8.0,7.0,8.5,12.0,11.969466087422632
Kolkata,2023-06-26,26,32.55,32.76,0.059,52.0,24913.0,10,30.88,18.54,-0.034,50.1,32.09,17.82,-0.168,48.1,31.79,9.34,-0.093,46.2,21.645,-0.0057499999999999,50.575,6,1,0,9.0,7.0,9.25,15.0,15.010639133474369
Kolkata,2023-07-03,27,32.25,27.19,0.105,52.9,24915.2,10,32.67,16.13,-0.029,51.1,32.73,19.15,-0.019,49.1,30.22,6.62,-0.126,47.1,23.655,0.02525,51.525,7,1,0,10.0,10.0,9.25,21.0,15.63034669064998
Kolkata,2023-07-10,28,31.76,27.38,0.045,53.6,24929.5,10,32.55,32.76,0.059,52.0,30.88,18.54,-0.034,50.1,32.09,17.82,-0.168,48.1,25.865,0.045,52.4,7,1,0,10.0,8.0,9.75,19.0,16.05778261703076
Kolkata,2023-07-17,29,29.24,28.93,0.018,54.2,24921.3,12,32.25,27.19,0.105,52.9,32.67,16.13,-0.029,51.1,32.73,19.15,-0.019,49.1,29.065,0.05675,53.175,7,1,0,10.0,9.0,10.5,13.0,14.837632944709334
Kolkata,2023-07-24,30,31.16,24.52,0.009,54.6,24929.3,15,31.76,27.38,0.045,53.6,32.55,32.76,0.059,52.0,30.88,18.54,-0.034,50.1,27.005,0.04425,53.825,7,1,0,12.0,10.0,11.75,16.0,12.787758837523628
Kolkata,2023-07-31,31,31.01,26.23,0.049,54.9,24926.7,21,29.24,28.93,0.018,54.2,32.25,27.19,0.105,52.9,32.67,16.13,-0.029,51.1,26.765,0.03025,54.325,7,1,0,15.0,10.0,14.5,16.0,15.318674171139964
Kolkata,2023-08-07,32,27.07,25.14,0.064,55.0,24927.9,19,31.16,24.52,0.009,54.6,31.76,27.38,0.045,53.6,32.55,32.76,0.059,52.0,26.205,0.035,54.675,8,1,0,21.0,10.0,16.75,15.0,14.806689458416928
Kolkata,2023-08-14,33,28.79,26.24,0.032,54.9,24929.1,13,31.01,26.23,0.049,54.9,29.24,28.93,0.018,54.2,32.25,27.19,0.105,52.9,25.5325,0.0385,54.85,8,1,0,19.0,12.0,17.0,15.0,13.264494492108014
Kolkata,2023-08-21,34,28.68,26.48,-0.015,54.6,24934.2,16,27.07,25.14,0.064,55.0,31.16,24.52,0.009,54.6,31.76,27.38,0.045,53.6,26.0225,0.0325,54.85,8,1,0,13.0,15.0,17.25,14.0,12.70704683901068
Kolkata,2023-08-28,35,27.42,27.56,0.021,54.2,24927.4,16,28.79,26.24,0.032,54.9,31.01,26.23,0.049,54.9,29.24,28.93,0.018,54.2,26.355,0.0255,54.675,8,1,0,16.0,21.0,16.0,11.0,12.338373724304528
Kolkata,2023-09-04,36,27.63,22.32,0.043,53.6,24935.2,15,28.68,26.48,-0.015,54.6,27.07,25.14,0.064,55.0,31.16,24.52,0.009,54.6,25.65,0.02025,54.325,9,1,1,16.0,19.0,15.0,14.0,12.494502547845494
Kolkata,2023-09-11,37,26.92,15.48,-0.069,52.9,24932.5,15,27.42,27.56,0.021,54.2,28.79,26.24,0.032,54.9,31.01,26.23,0.049,54.9,22.96,-0.0049999999999999,53.825,9,1,1,15.0,13.0,15.5,13.0,9.70712566527625
Kolkata,2023-09-18,38,25.65,10.22,-0.099,52.0,24944.3,14,27.63,22.32,0.043,53.6,28.68,26.48,-0.015,54.6,27.07,25.14,0.064,55.0,18.895,-0.0259999999999999,53.175,9,1,1,15.0,16.0,15.0,8.0,8.808103597138057
Kolkata,2023-09-25,39,24.24,5.94,-0.181,51.1,24941.2,11,26.92,15.48,-0.069,52.9,27.42,27.56,0.021,54.2,28.79,26.24,0.032,54.9,13.49,-0.0764999999999999,52.4,9,1,1,14.0,16.0,13.75,9.0,7.795144423006943
Kolkata,2023-10-02,40,24.39,5.24,-0.158,50.1,24931.1,14,25.65,10.22,-0.099,52.0,27.63,22.32,0.043,53.6,28.68,26.48,-0.015,54.6,9.22,-0.1267499999999999,51.525000000000006,10,0,1,11.0,15.0,13.5,6.0,6.981492329894216
Kolkata,2023-10-09,41,22.77,7.55,-0.156,49.1,24935.1,13,24.24,5.94,-0.181,51.1,26.92,15.48,-0.069,52.9,27.42,27.56,0.021,54.2,7.237500000000001,-0.1484999999999999,50.575,10,0,1,14.0,15.0,13.0,6.0,6.78505678096658
Kolkata,2023-10-16,42,20.59,8.79,-0.099,48.1,24941.9,8,24.39,5.24,-0.158,50.1,25.65,10.22,-0.099,52.0,27.63,22.32,0.043,53.6,6.880000000000001,-0.1484999999999999,49.6,10,0,1,13.0,14.0,11.5,6.0,6.4384481821182655
Kolkata,2023-10-23,43,21.64,5.35,-0.12,47.1,24937.5,9,22.77,7.55,-0.156,49.1,24.24,5.94,-0.181,51.1,26.92,15.48,-0.069,52.9,6.7325,-0.1332499999999999,48.6,10,0,1,8.0,11.0,11.0,6.0,6.06455436743525
Kolkata,2023-10-30,44,21.22,3.68,-0.158,46.2,24933.6,6,20.59,8.79,-0.099,48.1,24.39,5.24,-0.158,50.1,25.65,10.22,-0.099,52.0,6.342499999999999,-0.1332499999999999,47.62500000000001,10,0,1,9.0,14.0,9.0,6.0,5.721412138594587
Kolkata,2023-11-06,45,22.66,8.98,-0.143,45.3,24936.3,6,21.64,5.35,-0.12,47.1,22.77,7.55,-0.156,49.1,24.24,5.94,-0.181,51.1,6.7,-0.1299999999999999,46.675,11,0,1,6.0,13.0,7.25,5.0,5.006907831640384
Kolkata,2023-11-13,46,21.48,4.45,-0.146,44.5,24940.2,6,21.22,3.68,-0.158,46.2,20.59,8.79,-0.099,48.1,24.39,5.24,-0.158,50.1,5.614999999999999,-0.14175,45.775,11,0,1,6.0,8.0,6.75,5.0,4.776748681098522
Kolkata,2023-11-20,47,18.8,6.01,-0.13,43.7,24940.4,6,22.66,8.98,-0.143,45.3,21.64,5.35,-0.12,47.1,22.77,7.55,-0.156,49.1,5.78,-0.14425,44.925,11,0,1,6.0,9.0,6.0,4.0,4.53011811964684
Kolkata,2023-11-27,48,21.98,1.03,-0.224,43.1,24942.4,6,21.48,4.45,-0.146,44.5,21.22,3.68,-0.158,46.2,20.59,8.79,-0.099,48.1,5.1175,-0.1607499999999999,44.15,11,0,1,6.0,6.0,6.0,4.0,4.2550353600539985
Lucknow,2022-12-19,51,20.82,0.0,-0.197,41.6,7354.9,4,22.22,0.0,-0.205,42.5,19.52,2.99,-0.151,43.7,20.73,0.57,-0.197,45.3,0.3925,-0.1905,42.3,12,0,0,4.0,6.0,4.75,4.0,3.6284087368320774
Lucknow,2022-12-26,52,19.44,0.0,-0.183,41.3,7360.2,5,19.5,0.0,-0.196,42.0,19.62,1.57,-0.164,43.1,22.1,0.0,-0.209,44.5,0.0,-0.19525,41.85,12,0,0,4.0,6.0,4.5,2.0,3.578944826764216
Lucknow,2023-01-02,1,20.02,0.19,-0.234,40.0,7357.7,4,20.82,0.0,-0.197,41.6,22.22,0.0,-0.205,42.5,19.52,2.99,-0.151,43.7,0.0475,-0.2025,41.225,1,0,0,5.0,5.0,4.25,3.0,3.2630922630641814
Lucknow,2023-01-09,2,18.83,0.41,-0.181,40.1,7367.6,4,19.44,0.0,-0.183,41.3,19.5,0.0,-0.196,42.0,19.62,1.57,-0.164,43.1,0.15,-0.1987499999999999,40.75,1,0,0,4.0,4.0,4.25,4.0,3.26649153528525
Lucknow,2023-01-16,3,20.1,0.0,-0.2,40.1,7350.4,4,20.02,0.19,-0.234,40.0,20.82,0.0,-0.197,41.6,22.22,0.0,-0.205,42.5,0.15,-0.1995,40.375,1,0,0,4.0,4.0,4.25,3.0,3.19158316525227
Lucknow,2023-01-23,4,22.53,1.28,-0.225,40.1,7355.6,2,18.83,0.41,-0.181,40.1,19.44,0.0,-0.183,41.3,19.5,0.0,-0.196,42.0,0.47,-0.21,40.075,1,0,0,4.0,5.0,3.5,3.0,3.0453118185201395
Lucknow,2023-01-30,5,21.61,0.45,-0.208,40.2,7354.6,3,20.1,0.0,-0.2,40.1,20.02,0.19,-0.234,40.0,20.82,0.0,-0.197,41.6,0.535,-0.2035,40.125,1,0,0,2.0,4.0,3.25,2.0,3.2181935683477616
Lucknow,2023-02-06,6,24.73,0.0,-0.197,40.2,7365.3,4,22.53,1.28,-0.225,40.1,18.83,0.41,-0.181,40.1,19.44,0.0,-0.183,41.3,0.4325,-0.2075,40.150000000000006,2,0,0,3.0,4.0,3.25,4.0,3.131770286421768
Lucknow,2023-02-13,7,25.5,0.0,-0.273,40.3,7357.3,3,21.61,0.45,-0.208,40.2,20.1,0.0,-0.2,40.1,20.02,0.19,-0.234,40.0,0.4325,-0.22575,40.2,2,0,0,4.0,4.0,3.0,4.0,3.5622266171209436
Lucknow,2023-02-20,8,25.62,4.39,-0.189,40.4,7366.1,3,24.73,0.0,-0.197,40.2,22.53,1.28,-0.225,40.1,18.83,0.41,-0.181,40.1,1.21,-0.21675,40.275000000000006,2,0,0,3.0,2.0,3.25,4.0,3.7549016148903154
Lucknow,2023-02-27,9,27.06,0.0,-0.148,40.6,7359.4,2,25.5,0.0,-0.273,40.3,21.61,0.45,-0.208,40.2,20.1,0.0,-0.2,40.1,1.0975,-0.20175,40.375,2,0,0,3.0,3.0,3.0,5.0,4.457273436252672
Lucknow,2023-03-06,10,26.12,4.79,-0.192,40.8,7362.2,4,25.62,4.39,-0.189,40.4,24.73,0.0,-0.197,40.2,22.53,1.28,-0.225,40.1,2.295,-0.2005,40.525,3,0,0,2.0,4.0,3.0,4.0,4.719205517761459
Lucknow,2023-03-13,11,24.84,0.0,-0.155,41.0,7354.3,4,27.06,0.0,-0.148,40.6,25.5,0.0,-0.273,40.3,21.61,0.45,-0.208,40.2,2.295,-0.1709999999999999,40.7,3,0,0,4.0,3.0,3.25,5.0,4.221171509162435
Lucknow,2023-03-20,12,27.27,0.0,-0.222,41.3,7355.5,4,26.12,4.79,-0.192,40.8,25.62,4.39,-0.189,40.4,24.73,0.0,-0.197,40.2,1.1975,-0.17925,40.925,3,0,0,4.0,3.0,3.5,5.0,5.104179502385103
Lucknow,2023-03-27,13,28.69,0.0,-0.185,41.6,7361.2,5,24.84,0.0,-0.155,41.0,27.06,0.0,-0.148,40.6,25.5,0.0,-0.273,40.3,1.1975,-0.1885,41.175,3,0,0,4.0,2.0,4.25,5.0,5.742746776011889
Lucknow,2023-04-03,14,29.71,0.2,-0.197,42.0,7360.5,4,27.27,0.0,-0.222,41.3,26.12,4.79,-0.192,40.8,25.62,4.39,-0.189,40.4,0.05,-0.18975,41.475,4,0,0,5.0,4.0,4.25,6.0,6.168461128837955
Lucknow,2023-04-10,15,30.8,0.0,-0.151,42.5,7360.3,5,28.69,0.0,-0.185,41.6,24.84,0.0,-0.155,41.0,27.06,0.0,-0.148,40.6,0.05,-0.18875,41.85,4,0,0,4.0,4.0,4.5,7.0,7.402342182846293
Lucknow,2023-04-17,16,30.8,2.59,-0.208,43.1,7362.3,5,29.71,0.2,-0.197,42.0,27.27,0.0,-0.222,41.3,26.12,4.79,-0.192,40.8,0.6975,-0.18525,42.3,4,0,0,5.0,4.0,4.75,7.0,7.799461413562191
Lucknow,2023-04-24,17,31.31,3.99,-0.141,43.7,7365.5,5,30.8,0.0,-0.151,42.5,28.69,0.0,-0.185,41.6,24.84,0.0,-0.155,41.0,1.695,-0.17425,42.825,4,0,0,5.0,5.0,4.75,8.0,7.976898980419056
Lucknow,2023-05-01,18,32.32,4.55,-0.149,44.5,7366.3,6,30.8,2.59,-0.208,43.1,29.71,0.2,-0.197,42.0,27.27,0.0,-0.222,41.3,2.7825,-0.16225,43.45,5,0,0,5.0,4.0,5.25,7.0,8.477520481943447
Lucknow,2023-05-08,19,27.77,2.38,-0.199,45.3,7368.2,7,31.31,3.99,-0.141,43.7,30.8,0.0,-0.151,42.5,28.69,0.0,-0.185,41.6,3.3775,-0.17425,44.15,5,0,0,6.0,5.0,5.75,8.0,8.904714255865498
Lucknow,2023-05-15,20,32.02,4.27,-0.229,46.2,7358.3,7,32.32,4.55,-0.149,44.5,30.8,2.59,-0.208,43.1,29.71,0.2,-0.197,42.0,3.7975,-0.1795,44.925,5,0,0,7.0,5.0,6.25,8.0,9.265571469924934
Lucknow,2023-05-22,21,32.94,7.72,-0.146,47.1,7363.9,8,27.77,2.38,-0.199,45.3,31.31,3.99,-0.141,43.7,30.8,0.0,-0.151,42.5,4.73,-0.18075,45.775,5,0,0,7.0,5.0,7.0,9.0,9.70751222291713
Lucknow,2023-05-29,22,31.97,9.92,-0.137,48.1,7368.9,7,32.02,4.27,-0.229,46.2,32.32,4.55,-0.149,44.5,30.8,2.59,-0.208,43.1,6.0725,-0.17775,46.675,5,0,0,8.0,6.0,7.25,10.0,10.067510399420609
Lucknow,2023-06-05,23,32.02,7.52,-0.196,49.1,7359.8,8,32.94,7.72,-0.146,47.1,27.77,2.38,-0.199,45.3,31.31,3.99,-0.141,43.7,7.3575,-0.177,47.625,6,1,0,7.0,7.0,7.5,10.0,9.74651849490485
Lucknow,2023-06-12,24,33.17,6.85,-0.142,50.1,7361.9,8,31.97,9.92,-0.137,48.1,32.02,4.27,-0.229,46.2,32.32,4.55,-0.149,44.5,8.0025,-0.15525,48.6,6,1,0,8.0,7.0,7.75,11.0,10.731716327422776
Lucknow,2023-06-19,25,30.11,11.84,-0.06,51.1,7372.1,9,32.02,7.52,-0.196,49.1,32.94,7.72,-0.146,47.1,27.77,2.38,-0.199,45.3,9.0325,-0.1337499999999999,49.6,6,1,0,8.0,8.0,8.0,11.0,12.132881604336022
Lucknow,2023-06-26,26,33.61,14.51,-0.074,52.0,7362.5,10,33.17,6.85,-0.142,50.1,31.97,9.92,-0.137,48.1,32.02,4.27,-0.229,46.2,10.18,-0.118,50.575,6,1,0,9.0,7.0,8.75,11.0,11.702877588444878
Lucknow,2023-07-03,27,30.91,21.03,0.002,52.9,7368.7,10,30.11,11.84,-0.06,51.1,32.02,7.52,-0.196,49.1,32.94,7.72,-0.146,47.1,13.5575,-0.0685,51.525,7,1,0,10.0,8.0,9.25,12.0,12.473076898201333
Lucknow,2023-07-10,28,28.66,17.79,-0.041,53.6,7365.7,11,33.61,14.51,-0.074,52.0,33.17,6.85,-0.142,50.1,31.97,9.92,-0.137,48.1,16.2925,-0.04325,52.4,7,1,0,10.0,8.0,10.0,11.0,12.115115664713361
Lucknow,2023-07-17,29,29.37,18.85,0.02,54.2,7369.7,11,30.91,21.03,0.002,52.9,30.11,11.84,-0.06,51.1,32.02,7.52,-0.196,49.1,18.045,-0.02325,53.175,7,1,0,11.0,9.0,10.5,11.0,13.428723846727614
Lucknow,2023-07-24,30,29.64,18.8,-0.055,54.6,7369.8,11,28.66,17.79,-0.041,53.6,33.61,14.51,-0.074,52.0,33.17,6.85,-0.142,50.1,19.1175,-0.0185,53.825,7,1,0,11.0,10.0,10.75,13.0,11.978315362226892
Lucknow,2023-07-31,31,29.8,21.63,0.072,54.9,7375.8,12,29.37,18.85,0.02,54.2,30.91,21.03,0.002,52.9,30.11,11.84,-0.06,51.1,19.2675,-0.001,54.325,7,1,0,11.0,10.0,11.25,15.0,14.726315693850369
Lucknow,2023-08-07,32,27.39,16.49,-0.005,55.0,7363.7,11,29.64,18.8,-0.055,54.6,28.66,17.79,-0.041,53.6,33.61,14.51,-0.074,52.0,18.9425,0.008,54.675,8,1,0,12.0,11.0,11.25,16.0,12.159681921281893
Lucknow,2023-08-14,33,26.14,18.06,-0.028,54.9,7358.9,11,29.8,21.63,0.072,54.9,29.37,18.85,0.02,54.2,30.91,21.03,0.002,52.9,18.745,-0.004,54.85,8,1,0,11.0,11.0,11.25,10.0,10.903304938623679
Lucknow,2023-08-21,34,26.45,12.08,-0.038,54.6,7362.9,13,27.39,16.49,-0.005,55.0,29.64,18.8,-0.055,54.6,28.66,17.79,-0.041,53.6,17.065,0.0002499999999999,54.85,8,1,0,11.0,11.0,11.75,9.0,10.477093827268748
Lucknow,2023-08-28,35,27.61,17.26,-0.048,54.2,7370.6,15,26.14,18.06,-0.028,54.9,29.8,21.63,0.072,54.9,29.37,18.85,0.02,54.2,15.9725,-0.0297499999999999,54.675,8,1,0,13.0,12.0,12.5,10.0,10.60968064036375
Lucknow,2023-09-04,36,26.42,9.54,-0.064,53.6,7369.1,16,26.45,12.08,-0.038,54.6,27.39,16.49,-0.005,55.0,29.64,18.8,-0.055,54.6,14.235,-0.0445,54.325,9,1,1,15.0,11.0,13.75,10.0,8.943023519235428
Lucknow,2023-09-11,37,24.03,6.88,-0.136,52.9,7371.6,10,27.61,17.26,-0.048,54.2,26.14,18.06,-0.028,54.9,29.8,21.63,0.072,54.9,11.44,-0.0715,53.825,9,1,1,16.0,11.0,13.5,7.0,8.784676765745726
Lucknow,2023-09-18,38,23.64,12.48,-0.093,52.0,7363.5,9,26.42,9.54,-0.064,53.6,26.45,12.08,-0.038,54.6,27.39,16.49,-0.005,55.0,11.54,-0.0852499999999999,53.175,9,1,1,10.0,13.0,12.5,5.0,8.18994892840965
Lucknow,2023-09-25,39,25.09,3.52,-0.114,51.1,7372.8,10,24.03,6.88,-0.136,52.9,27.61,17.26,-0.048,54.2,26.14,18.06,-0.028,54.9,8.105,-0.10175,52.4,9,1,1,9.0,15.0,11.25,8.0,7.52399997049107
Lucknow,2023-10-02,40,24.51,4.14,-0.143,50.1,7364.0,10,23.64,12.48,-0.093,52.0,26.42,9.54,-0.064,53.6,26.45,12.08,-0.038,54.6,6.755,-0.1215,51.525000000000006,10,0,1,10.0,16.0,9.75,6.0,6.848012190409881
Lucknow,2023-10-09,41,23.26,7.1,-0.182,49.1,7372.3,7,25.09,3.52,-0.114,51.1,24.03,6.88,-0.136,52.9,27.61,17.26,-0.048,54.2,6.8100000000000005,-0.133,50.575,10,0,1,10.0,10.0,9.0,8.0,6.690523094203847
Lucknow,2023-10-16,42,20.43,1.19,-0.156,48.1,7360.2,5,24.51,4.14,-0.143,50.1,23.64,12.48,-0.093,52.0,26.42,9.54,-0.064,53.6,3.9875,-0.14875,49.6,10,0,1,7.0,9.0,8.0,5.0,6.154703015117076
Lucknow,2023-10-23,43,21.04,1.26,-0.194,47.1,7376.0,8,23.26,7.1,-0.182,49.1,25.09,3.52,-0.114,51.1,24.03,6.88,-0.136,52.9,3.4225,-0.1687499999999999,48.6,10,0,1,5.0,10.0,7.5,6.0,6.046095633511876
Lucknow,2023-10-30,44,20.64,3.02,-0.104,46.2,7363.3,6,20.43,1.19,-0.156,48.1,24.51,4.14,-0.143,50.1,23.64,12.48,-0.093,52.0,3.1425,-0.159,47.62500000000001,10,0,1,8.0,10.0,6.5,4.0,6.617405613870811
Lucknow,2023-11-06,45,20.33,1.44,-0.17,45.3,7374.9,8,21.04,1.26,-0.194,47.1,23.26,7.1,-0.182,49.1,25.09,3.52,-0.114,51.1,1.7275,-0.156,46.675,11,0,1,6.0,7.0,6.75,5.0,4.818351274701469
Lucknow,2023-11-13,46,19.63,0.95,-0.166,44.5,7375.2,5,20.64,3.02,-0.104,46.2,20.43,1.19,-0.156,48.1,24.51,4.14,-0.143,50.1,1.6675,-0.1585,45.775,11,0,1,8.0,5.0,6.75,5.0,4.746102823427169
Lucknow,2023-11-20,47,19.73,0.0,-0.208,43.7,7373.5,6,20.33,1.44,-0.17,45.3,21.04,1.26,-0.194,47.1,23.26,7.1,-0.182,49.1,1.3524999999999998,-0.162,44.925,11,0,1,5.0,8.0,6.25,4.0,4.392174171279239
Lucknow,2023-11-27,48,21.98,2.01,-0.246,43.1,7366.0,4,19.63,0.95,-0.166,44.5,20.64,3.02,-0.104,46.2,20.43,1.19,-0.156,48.1,1.1,-0.1975,44.15,11,0,1,6.0,6.0,5.75,2.0,4.418088130935751
Pune,2022-12-19,51,19.07,2.81,-0.22,41.6,6347.1,4,17.98,1.27,-0.231,42.5,21.93,2.67,-0.179,43.7,19.68,1.17,-0.195,45.3,1.02,-0.2115,42.3,12,0,0,6.0,6.0,5.25,5.0,3.6028729395277272
Pune,2022-12-26,52,19.97,0.61,-0.179,41.3,6344.1,3,19.54,0.0,-0.194,42.0,18.06,0.0,-0.201,43.1,18.75,0.0,-0.234,44.5,1.1725,-0.206,41.85,12,0,0,4.0,5.0,4.75,2.0,3.4974792630106792
Pune,2023-01-02,1,21.08,0.0,-0.189,40.0,6349.5,6,19.07,2.81,-0.22,41.6,17.98,1.27,-0.231,42.5,21.93,2.67,-0.179,43.7,0.855,-0.1954999999999999,41.225,1,0,0,3.0,6.0,4.75,2.0,3.199145425600334
Pune,2023-01-09,2,21.42,1.61,-0.206,40.1,6354.1,5,19.97,0.61,-0.179,41.3,19.54,0.0,-0.194,42.0,18.06,0.0,-0.201,43.1,1.2575,-0.1985,40.75,1,0,0,6.0,6.0,4.5,1.0,3.2546392211843664
Pune,2023-01-16,3,20.82,0.3,-0.193,40.1,6353.2,5,21.08,0.0,-0.189,40.0,19.07,2.81,-0.22,41.6,17.98,1.27,-0.231,42.5,0.63,-0.19175,40.375,1,0,0,5.0,4.0,4.75,2.0,3.2790422544140028
Pune,2023-01-23,4,21.78,0.92,-0.21,40.1,6355.0,2,21.42,1.61,-0.206,40.1,19.97,0.61,-0.179,41.3,19.54,0.0,-0.194,42.0,0.7075,-0.1994999999999999,40.075,1,0,0,5.0,3.0,4.5,2.0,3.1472788717947
Pune,2023-01-30,5,22.37,2.17,-0.173,40.2,6358.6,2,20.82,0.3,-0.193,40.1,21.08,0.0,-0.189,40.0,19.07,2.81,-0.22,41.6,1.25,-0.1955,40.125,1,0,0,2.0,6.0,3.5,3.0,3.087852365883615
Pune,2023-02-06,6,22.87,0.0,-0.178,40.2,6344.9,1,21.78,0.92,-0.21,40.1,21.42,1.61,-0.206,40.1,19.97,0.61,-0.179,41.3,0.8474999999999999,-0.1885,40.150000000000006,2,0,0,2.0,5.0,2.5,4.0,3.134982457797314
Pune,2023-02-13,7,23.63,0.98,-0.217,40.3,6350.4,2,22.37,2.17,-0.173,40.2,20.82,0.3,-0.193,40.1,21.08,0.0,-0.189,40.0,1.0175,-0.1945,40.2,2,0,0,1.0,5.0,1.75,3.0,3.1877033289765544
Pune,2023-02-20,8,25.03,0.0,-0.161,40.4,6349.2,2,22.87,0.0,-0.178,40.2,21.78,0.92,-0.21,40.1,21.42,1.61,-0.206,40.1,0.7875,-0.18225,40.275000000000006,2,0,0,2.0,2.0,1.75,3.0,3.294238921687568
Pune,2023-02-27,9,24.71,0.0,-0.201,40.6,6355.7,3,23.63,0.98,-0.217,40.3,22.37,2.17,-0.173,40.2,20.82,0.3,-0.193,40.1,0.245,-0.18925,40.375,2,0,0,2.0,2.0,2.0,4.0,3.4306159818946087
Pune,2023-03-06,10,25.94,4.65,-0.186,40.8,6349.8,4,25.03,0.0,-0.161,40.4,22.87,0.0,-0.178,40.2,21.78,0.92,-0.21,40.1,1.4075000000000002,-0.19125,40.525,3,0,0,3.0,1.0,2.75,4.0,4.012305141173714
Pune,2023-03-13,11,25.25,2.04,-0.177,41.0,6359.2,3,24.71,0.0,-0.201,40.6,23.63,0.98,-0.217,40.3,22.37,2.17,-0.173,40.2,1.6725,-0.18125,40.7,3,0,0,4.0,2.0,3.0,4.0,3.8295151464182497
Pune,2023-03-20,12,23.43,0.0,-0.182,41.3,6357.8,3,25.94,4.65,-0.186,40.8,25.03,0.0,-0.161,40.4,22.87,0.0,-0.178,40.2,1.6725000000000003,-0.1865,40.925,3,0,0,3.0,2.0,3.25,4.0,4.1173995127521685
Pune,2023-03-27,13,27.36,0.0,-0.203,41.6,6357.7,4,25.25,2.04,-0.177,41.0,24.71,0.0,-0.201,40.6,23.63,0.98,-0.217,40.3,1.6725000000000003,-0.187,41.175,3,0,0,3.0,3.0,3.5,5.0,5.042686527566728
Pune,2023-04-03,14,27.81,6.21,-0.134,42.0,6358.4,4,23.43,0.0,-0.182,41.3,25.94,4.65,-0.186,40.8,25.03,0.0,-0.161,40.4,2.0625,-0.174,41.475,4,0,0,4.0,4.0,3.5,5.0,5.448651518529786
Pune,2023-04-10,15,29.58,0.86,-0.14,42.5,6353.0,4,27.36,0.0,-0.203,41.6,25.25,2.04,-0.177,41.0,24.71,0.0,-0.201,40.6,1.7675000000000003,-0.16475,41.85,4,0,0,4.0,3.0,3.75,7.0,6.0923044571997815
Pune,2023-04-17,16,27.91,4.14,-0.209,43.1,6348.2,4,27.81,6.21,-0.134,42.0,23.43,0.0,-0.182,41.3,25.94,4.65,-0.186,40.8,2.8025,-0.1715,42.3,4,0,0,4.0,3.0,4.0,7.0,5.2800157709365525
Pune,2023-04-24,17,28.84,4.74,-0.153,43.7,6349.0,5,29.58,0.86,-0.14,42.5,27.36,0.0,-0.203,41.6,25.25,2.04,-0.177,41.0,3.9875,-0.159,42.825,4,0,0,4.0,4.0,4.25,6.0,7.07661536055363
Pune,2023-05-01,18,31.94,2.85,-0.158,44.5,6355.6,5,27.91,4.14,-0.209,43.1,27.81,6.21,-0.134,42.0,23.43,0.0,-0.182,41.3,3.1475000000000004,-0.1649999999999999,43.45,5,0,0,5.0,4.0,4.5,8.0,7.486380443298967
Pune,2023-05-08,19,32.19,8.13,-0.161,45.3,6352.3,7,28.84,4.74,-0.153,43.7,29.58,0.86,-0.14,42.5,27.36,0.0,-0.203,41.6,4.965,-0.1702499999999999,44.15,5,0,0,5.0,4.0,5.25,8.0,8.76725066435704
Pune,2023-05-15,20,29.5,3.03,-0.12,46.2,6341.1,7,31.94,2.85,-0.158,44.5,27.91,4.14,-0.209,43.1,27.81,6.21,-0.134,42.0,4.6875,-0.148,44.925,5,0,0,7.0,4.0,6.0,8.0,8.116160986184815
Pune,2023-05-22,21,32.96,9.9,-0.159,47.1,6360.1,6,32.19,8.13,-0.161,45.3,28.84,4.74,-0.153,43.7,29.58,0.86,-0.14,42.5,5.977500000000001,-0.1495,45.775,5,0,0,7.0,5.0,6.25,10.0,9.09049562213032
Pune,2023-05-29,22,31.41,6.55,-0.126,48.1,6352.8,8,29.5,3.03,-0.12,46.2,31.94,2.85,-0.158,44.5,27.91,4.14,-0.209,43.1,6.9025,-0.1415,46.675,5,0,0,6.0,5.0,7.0,11.0,9.364158317713269
Pune,2023-06-05,23,30.77,10.25,-0.097,49.1,6355.2,8,32.96,9.9,-0.159,47.1,32.19,8.13,-0.161,45.3,28.84,4.74,-0.153,43.7,7.432499999999999,-0.1255,47.625,6,1,0,8.0,7.0,7.25,9.0,10.535640826361618
Pune,2023-06-12,24,30.12,10.4,-0.161,50.1,6359.1,8,31.41,6.55,-0.126,48.1,29.5,3.03,-0.12,46.2,31.94,2.85,-0.158,44.5,9.275,-0.1357499999999999,48.6,6,1,0,8.0,7.0,7.5,10.0,10.502587031443708
Pune,2023-06-19,25,31.24,11.24,-0.159,51.1,6352.0,10,30.77,10.25,-0.097,49.1,32.96,9.9,-0.159,47.1,32.19,8.13,-0.161,45.3,9.61,-0.13575,49.6,6,1,0,8.0,6.0,8.5,10.0,11.07768933791467
Pune,2023-06-26,26,28.7,7.65,-0.138,52.0,6363.0,11,30.12,10.4,-0.161,50.1,31.41,6.55,-0.126,48.1,29.5,3.03,-0.12,46.2,9.885,-0.13875,50.575,6,1,0,10.0,8.0,9.25,13.0,10.366211542121007
Pune,2023-07-03,27,28.67,11.38,-0.093,52.9,6352.1,9,31.24,11.24,-0.159,51.1,30.77,10.25,-0.097,49.1,32.96,9.9,-0.159,47.1,10.1675,-0.13775,51.525,7,1,0,11.0,8.0,9.5,11.0,11.13132962482421
Pune,2023-07-10,28,30.4,15.4,-0.075,53.6,6359.6,10,28.7,7.65,-0.138,52.0,30.12,10.4,-0.161,50.1,31.41,6.55,-0.126,48.1,11.4175,-0.11625,52.4,7,1,0,9.0,8.0,10.0,10.0,11.108958267461766
Pune,2023-07-17,29,31.33,14.97,-0.064,54.2,6351.0,10,28.67,11.38,-0.093,52.9,31.24,11.24,-0.159,51.1,30.77,10.25,-0.097,49.1,12.35,-0.0925,53.175,7,1,0,10.0,10.0,10.0,12.0,10.820342832593333
Pune,2023-07-24,30,29.78,13.59,-0.108,54.6,6356.4,13,30.4,15.4,-0.075,53.6,28.7,7.65,-0.138,52.0,30.12,10.4,-0.161,50.1,13.835,-0.0849999999999999,53.825,7,1,0,10.0,11.0,10.5,12.0,10.492454404209752
Pune,2023-07-31,31,27.37,15.26,-0.07,54.9,6352.4,11,31.33,14.97,-0.064,54.2,28.67,11.38,-0.093,52.9,31.24,11.24,-0.159,51.1,14.805,-0.07925,54.325,7,1,0,13.0,9.0,11.0,12.0,10.949484650519883
Pune,2023-08-07,32,29.0,13.29,-0.043,55.0,6355.5,10,29.78,13.59,-0.108,54.6,30.4,15.4,-0.075,53.6,28.7,7.65,-0.138,52.0,14.2775,-0.07125,54.675,8,1,0,11.0,10.0,11.0,10.0,11.079322749032764
Pune,2023-08-14,33,25.59,14.58,-0.043,54.9,6361.0,12,27.37,15.26,-0.07,54.9,31.33,14.97,-0.064,54.2,28.67,11.38,-0.093,52.9,14.18,-0.066,54.85,8,1,0,10.0,10.0,11.5,12.0,10.358402113503303
Pune,2023-08-21,34,28.77,11.73,-0.022,54.6,6349.6,12,29.0,13.29,-0.043,55.0,29.78,13.59,-0.108,54.6,30.4,15.4,-0.075,53.6,13.715,-0.0445,54.85,8,1,0,12.0,13.0,11.25,10.0,10.779300521597884
Pune,2023-08-28,35,25.66,10.14,-0.11,54.2,6356.0,12,25.59,14.58,-0.043,54.9,27.37,15.26,-0.07,54.9,31.33,14.97,-0.064,54.2,12.435,-0.0545,54.675,8,1,0,12.0,11.0,11.5,11.0,9.29502205704528
Pune,2023-09-04,36,24.78,9.88,-0.122,53.6,6354.6,10,28.77,11.73,-0.022,54.6,29.0,13.29,-0.043,55.0,29.78,13.59,-0.108,54.6,11.5825,-0.07425,54.325,9,1,1,12.0,10.0,11.5,9.0,9.817320996387263
Pune,2023-09-11,37,25.86,4.66,-0.105,52.9,6360.6,12,25.66,10.14,-0.11,54.2,25.59,14.58,-0.043,54.9,27.37,15.26,-0.07,54.9,9.1025,-0.08975,53.825,9,1,1,10.0,12.0,11.5,27.0,8.562800804596447
Pune,2023-09-18,38,22.23,4.48,-0.147,52.0,6355.7,10,24.78,9.88,-0.122,53.6,28.77,11.73,-0.022,54.6,29.0,13.29,-0.043,55.0,7.290000000000001,-0.121,53.175,9,1,1,12.0,12.0,11.0,7.0,8.646677523690059
Pune,2023-09-25,39,21.92,3.69,-0.172,51.1,6356.5,11,25.86,4.66,-0.105,52.9,25.66,10.14,-0.11,54.2,25.59,14.58,-0.043,54.9,5.6775,-0.1365,52.4,9,1,1,10.0,12.0,10.75,8.0,6.905511940189099
Pune,2023-10-02,40,23.62,4.38,-0.197,50.1,6364.1,9,22.23,4.48,-0.147,52.0,24.78,9.88,-0.122,53.6,28.77,11.73,-0.022,54.6,4.3025,-0.15525,51.525000000000006,10,0,1,11.0,10.0,10.5,5.0,6.718895947150555
Pune,2023-10-09,41,21.78,7.14,-0.143,49.1,6351.6,27,21.92,3.69,-0.172,51.1,25.86,4.66,-0.105,52.9,25.66,10.14,-0.11,54.2,4.9225,-0.16475,50.575,10,0,1,9.0,12.0,14.25,8.0,6.552793393287477
Pune,2023-10-16,42,22.12,0.0,-0.185,48.1,6358.5,7,23.62,4.38,-0.197,50.1,22.23,4.48,-0.147,52.0,24.78,9.88,-0.122,53.6,3.8025,-0.17425,49.6,10,0,1,27.0,10.0,13.5,5.0,6.100069406051788
Pune,2023-10-23,43,20.79,2.0,-0.22,47.1,6367.3,8,21.78,7.14,-0.143,49.1,21.92,3.69,-0.172,51.1,25.86,4.66,-0.105,52.9,3.38,-0.1862499999999999,48.6,10,0,1,7.0,11.0,12.75,6.0,6.081206958424353
Pune,2023-10-30,44,19.79,2.65,-0.183,46.2,6354.5,5,22.12,0.0,-0.185,48.1,23.62,4.38,-0.197,50.1,22.23,4.48,-0.147,52.0,2.9475,-0.18275,47.62500000000001,10,0,1,8.0,9.0,11.75,7.0,5.330633831539547
Pune,2023-11-06,45,18.4,3.03,-0.156,45.3,6362.6,8,20.79,2.0,-0.22,47.1,21.78,7.14,-0.143,49.1,21.92,3.69,-0.172,51.1,1.92,-0.186,46.675,11,0,1,5.0,27.0,7.0,4.0,4.944216585727286
Pune,2023-11-13,46,17.35,2.66,-0.156,44.5,6350.1,5,19.79,2.65,-0.183,46.2,22.12,0.0,-0.185,48.1,23.62,4.38,-0.197,50.1,2.585,-0.17875,45.775,11,0,1,8.0,7.0,6.5,5.0,5.0650737892094915
Pune,2023-11-20,47,19.09,0.49,-0.171,43.7,6366.7,6,18.4,3.03,-0.156,45.3,20.79,2.0,-0.22,47.1,21.78,7.14,-0.143,49.1,2.2075,-0.1665,44.925,11,0,1,5.0,8.0,6.0,5.0,4.296911339074304
Pune,2023-11-27,48,19.6,0.0,-0.176,43.1,6347.3,7,17.35,2.66,-0.156,44.5,19.79,2.65,-0.183,46.2,22.12,0.0,-0.185,48.1,1.545,-0.16475,44.15,11,0,1,6.0,5.0,6.5,5.0,4.366372639112077
